[19992:1092:0520/142223.186:VERBOSE1:components\enterprise\browser\controller\chrome_browser_cloud_management_controller.cc:121] DM token = empty
[19992:1092:0520/142223.186:VERBOSE1:components\enterprise\browser\controller\chrome_browser_cloud_management_controller.cc:127] Enrollment token = 
[19992:1092:0520/142223.186:VERBOSE1:components\enterprise\browser\controller\chrome_browser_cloud_management_controller.cc:128] Client ID = c1688259-0212-4f60-9271-6e222a0eaf41
[19992:1092:0520/142223.186:VERBOSE1:components\variations\service\variations_field_trial_creator.cc:77] VariationsSeedUsage:2
[19992:1092:0520/142223.186:VERBOSE1:components\variations\service\variations_field_trial_creator.cc:374] VariationsSetupComplete
[19992:1092:0520/142223.211:VERBOSE1:chrome\browser\media\webrtc\webrtc_event_log_manager.cc:122] WebRTC remote-bound event logging enabled.
[19992:1092:0520/142223.211:VERBOSE1:components\proxy_config\pref_proxy_config_tracker_impl.cc:462] 0x5cec00108340: set chrome proxy config service to 0x5cec0016c1c0
[19992:1092:0520/142223.220:VERBOSE1:components\device_event_log\device_event_log_impl.cc:204] [14:22:23.221] Display: EVENT: screen_win.cc:1092 Displays updated, count: 1
[19992:1092:0520/142223.220:VERBOSE1:components\device_event_log\device_event_log_impl.cc:204] [14:22:23.223] Display: EVENT: screen_win.cc:1094 Display[1] bounds=[0,0 800x600], workarea=[0,0 800x600], scale=1, rotation=0, panel_rotation=0 external detected
[19992:1092:0520/142223.231:VERBOSE1:components\enterprise\browser\controller\chrome_browser_cloud_management_controller.cc:210] Starting CBCM Controller Initialization
[19992:1092:0520/142223.231:INFO:components\enterprise\browser\controller\chrome_browser_cloud_management_controller.cc:238] No machine level policy manager exists.
[19992:1092:0520/142223.231:VERBOSE1:chrome\installer\util\install_util.cc:218] Existing Chrome version found: 148.0.7778.168
[19992:1092:0520/142223.232:VERBOSE1:chrome\browser\enterprise\platform_auth\platform_auth_policy_observer.cc:108] PlatformAuthProviderManager enabled: 0
[19992:1092:0520/142223.234:VERBOSE1:components\policy\core\common\cloud\user_cloud_policy_store.cc:130] [policy_type=google/chrome/user] Initiating immediate policy load from disk
[19992:1092:0520/142223.234:VERBOSE1:components\policy\core\common\cloud\user_cloud_policy_store.cc:233] [policy_type=google/chrome/user] No policy found on disk
[19992:1092:0520/142223.243:VERBOSE1:components\proxy_config\pref_proxy_config_tracker_impl.cc:462] 0x5cec0010c440: set chrome proxy config service to 0x5cec0016e4c0
[19992:1092:0520/142223.246:VERBOSE1:components\signin\internal\identity_manager\mutable_profile_oauth2_token_service_delegate.cc:353] MutablePO2TS::MutablePO2TS
[19992:1092:0520/142223.246:VERBOSE1:components\proxy_config\pref_proxy_config_tracker_impl.cc:462] 0x5cec0010ce00: set chrome proxy config service to 0x5cec0016f480
[19992:1092:0520/142223.247:VERBOSE1:components\device_event_log\device_event_log_impl.cc:204] [14:22:23.247] Bluetooth: EVENT: bluetooth_api.cc:82 BluetoothAPI: 0x5cec001269c0
[19992:1092:0520/142223.247:VERBOSE1:chrome\browser\permissions\prediction_service\prediction_model_handler_provider_factory.cc:61] [PermissionsAI]: PredictionModelHandlerProviderFactory::BuildServiceInstanceForBrowserContext
[19992:1092:0520/142223.247:VERBOSE1:chrome\browser\permissions\prediction_service\prediction_model_handler_provider_factory.cc:98] [PermissionsAI]: PredictionModelHandlerProviderFactory::BuildServiceInstanceForBrowserContext PermissionsAIv4 not enabled, passage embedder not setup.
[19992:1092:0520/142223.247:VERBOSE1:chrome\browser\permissions\prediction_service\prediction_model_handler_provider.cc:55] [PermissionsAI] PredictionModelHandlerProvider ctor passage_embedder available: false
[19992:1092:0520/142223.247:VERBOSE1:chrome\browser\permissions\prediction_service\prediction_model_handler_provider.cc:58] [PermissionsAI] PredictionModelHandlerProvider ctor optimization_guide available: true
[19992:1092:0520/142223.248:VERBOSE1:components\signin\internal\identity_manager\mutable_profile_oauth2_token_service_delegate.cc:443] MutablePO2TS::RefreshTokenIsAvailable
[19992:1092:0520/142223.248:VERBOSE1:extensions\browser\api\bluetooth_low_energy\bluetooth_low_energy_event_router.cc:292] Initializing BluetoothLowEnergyEventRouter.
[19992:1092:0520/142223.248:VERBOSE1:google_apis\gaia\gaia_auth_util.cc:53] Canonicalized @gmail.com to @gmail.com
[19992:1092:0520/142223.248:VERBOSE1:google_apis\gaia\gaia_auth_util.cc:53] Canonicalized @gmail.com to @gmail.com
[19992:1092:0520/142223.248:VERBOSE1:components\signin\core\browser\account_reconcilor.cc:149] AccountReconcilor::AccountReconcilor
[19992:1092:0520/142223.248:VERBOSE1:components\signin\core\browser\account_reconcilor.cc:179] AccountReconcilor::Initialize
[19992:1092:0520/142223.248:VERBOSE1:components\signin\core\browser\account_reconcilor.cc:230] AccountReconcilor::RegisterWithContentSettings
[19992:1092:0520/142223.248:VERBOSE1:components\signin\core\browser\account_reconcilor.cc:253] AccountReconcilor::RegisterWithIdentityManager
[19992:22048:0520/142223.248:VERBOSE1:net\disk_cache\simple\simple_index_file.cc:609] Simple Cache Index is being restored from disk.
[19992:1092:0520/142223.248:VERBOSE1:components\signin\internal\identity_manager\mutable_profile_oauth2_token_service_delegate.cc:443] MutablePO2TS::RefreshTokenIsAvailable
[19992:1092:0520/142223.248:VERBOSE1:chrome\browser\actor\aggregated_journal.cc:232] [ActorTool]: GlicActorPolicyChecker::ComputeActOnWebCapability: outcome=kNo reasons=kAccountCapabilityIneligible 
[19992:1092:0520/142223.248:VERBOSE1:components\signin\internal\identity_manager\mutable_profile_oauth2_token_service_delegate.cc:443] MutablePO2TS::RefreshTokenIsAvailable
[19992:1092:0520/142223.250:VERBOSE1:components\signin\internal\identity_manager\mutable_profile_oauth2_token_service_delegate.cc:443] MutablePO2TS::RefreshTokenIsAvailable
[19992:1092:0520/142223.250:VERBOSE1:components\signin\internal\identity_manager\mutable_profile_oauth2_token_service_delegate.cc:443] MutablePO2TS::RefreshTokenIsAvailable
[19992:22048:0520/142223.250:VERBOSE1:components\signin\public\webdata\token_service_table.cc:259] Loaded tokens: result = 3 ; number of tokens loaded = 0
[19992:1092:0520/142223.250:VERBOSE1:components\signin\internal\identity_manager\mutable_profile_oauth2_token_service_delegate.cc:443] MutablePO2TS::RefreshTokenIsAvailable
[19992:1092:0520/142223.252:VERBOSE1:extensions\browser\extension_registrar.cc:547] AddComponentExtension Web Store
[19992:1092:0520/142223.252:VERBOSE1:extensions\browser\extension_registrar.cc:549] Component extension Web Store (ahfgeienlihckogmohjhadlkjgocpleb) installing/upgrading from '' to 0.2
[19992:1092:0520/142223.254:VERBOSE1:extensions\browser\extension_registrar.cc:547] AddComponentExtension Chrome PDF Viewer
[19992:1092:0520/142223.254:VERBOSE1:extensions\browser\extension_registrar.cc:549] Component extension Chrome PDF Viewer (mhjfbmdgcfjbbpaeojofohoefgiehjai) installing/upgrading from '' to 1
[19992:1092:0520/142223.254:VERBOSE1:extensions\browser\extension_registrar.cc:547] AddComponentExtension Google Hangouts
[19992:1092:0520/142223.254:VERBOSE1:extensions\browser\extension_registrar.cc:549] Component extension Google Hangouts (nkeimhogjdpnpccoofpliimaahmaaome) installing/upgrading from '' to 1.3.26
[19992:1092:0520/142223.255:VERBOSE1:extensions\browser\extension_registrar.cc:547] AddComponentExtension Google Network Speech
[19992:1092:0520/142223.255:VERBOSE1:extensions\browser\extension_registrar.cc:549] Component extension Google Network Speech (fignfifoniblkonapihmkfakmlgkbkcf) installing/upgrading from '' to 1.0
[19992:1092:0520/142223.256:VERBOSE1:components\signin\internal\identity_manager\mutable_profile_oauth2_token_service_delegate.cc:443] MutablePO2TS::RefreshTokenIsAvailable
[19992:1092:0520/142223.256:VERBOSE1:components\signin\internal\identity_manager\mutable_profile_oauth2_token_service_delegate.cc:443] MutablePO2TS::RefreshTokenIsAvailable
[19992:26424:0520/142223.257:VERBOSE1:extensions\browser\content_verifier\content_verifier.cc:944] OnFetchComplete ahfgeienlihckogmohjhadlkjgocpleb success:0
[19992:26424:0520/142223.257:VERBOSE1:extensions\browser\content_verifier\content_verifier.cc:944] OnFetchComplete mhjfbmdgcfjbbpaeojofohoefgiehjai success:0
[19992:26424:0520/142223.257:VERBOSE1:extensions\browser\content_verifier\content_verifier.cc:944] OnFetchComplete nkeimhogjdpnpccoofpliimaahmaaome success:0
[19992:1092:0520/142223.257:VERBOSE1:chrome\browser\profiles\profile_manager.cc:1408] AddKeepAlive(Default, kRemoteDebugging). keep_alives=[kWaitingForFirstBrowserWindow (1), kRemoteDebugging (1)]
[19992:26424:0520/142223.257:VERBOSE1:extensions\browser\content_verifier\content_verifier.cc:944] OnFetchComplete fignfifoniblkonapihmkfakmlgkbkcf success:0
[19992:6316:0520/142223.257:VERBOSE1:components\component_updater\component_installer.cc:477] StartRegistration for Chrome Improved Recovery
[19992:26960:0520/142223.257:VERBOSE1:components\component_updater\component_installer.cc:477] StartRegistration for Widevine Content Decryption Module
[19992:22048:0520/142223.257:VERBOSE1:components\component_updater\component_installer.cc:477] StartRegistration for Subresource Filter Rules
[19992:1092:0520/142223.257:VERBOSE1:components\component_updater\installer_policies\on_device_head_suggest_component_installer.cc:59] On Device Head Component will fetch model for locale: ENGB500000
[19992:9596:0520/142223.257:WARNING:chrome\browser\extensions\external_pref_loader.cc:294] You are using an old-style extension deployment method (external_extensions.json), which will soon be deprecated. (see http://developer.chrome.com/docs/extensions/how-to/distribute/install-extensions)
[19992:1092:0520/142223.257:VERBOSE1:chrome\browser\component_updater\trust_token_key_commitments_component_installer.cc:22] Registering Trust Token Key Commitments component.
[19992:1092:0520/142223.257:VERBOSE1:chrome\browser\component_updater\first_party_sets_component_installer.cc:37] Registering Related Website Sets component.
[19992:1092:0520/142223.257:VERBOSE1:chrome\browser\component_updater\privacy_sandbox_attestations_component_installer.cc:181] Registering Privacy Sandbox Attestations component
[19992:6316:0520/142223.257:VERBOSE1:components\component_updater\component_installer.cc:477] StartRegistration for OnDeviceHeadSuggest
[19992:1092:0520/142223.257:VERBOSE1:chrome\browser\component_updater\file_type_policies_component_installer.cc:126] Registering File Type Policies component.
[19992:22048:0520/142223.257:VERBOSE1:components\component_updater\component_installer.cc:477] StartRegistration for Privacy Sandbox Attestations
[19992:6672:0520/142223.258:VERBOSE1:components\component_updater\component_installer.cc:477] StartRegistration for Trust Token Key Commitments
[19992:6316:0520/142223.258:VERBOSE1:components\component_updater\component_installer.cc:477] StartRegistration for Certificate Error Assistant
[19992:2524:0520/142223.258:VERBOSE1:components\component_updater\component_installer.cc:477] StartRegistration for File Type Policies
[19992:26960:0520/142223.258:VERBOSE1:components\component_updater\component_installer.cc:312] Preinstalled component found for Widevine Content Decryption Module at C:\Program Files\Google\Chrome\Application\148.0.7778.168\WidevineCdm with version 4.10.3050.0.
[19992:6672:0520/142223.258:VERBOSE1:components\component_updater\component_installer.cc:477] StartRegistration for Origin Trials
[19992:1092:0520/142223.258:VERBOSE1:chrome\browser\component_updater\hyphenation_component_installer.cc:148] Registering Hyphenation component.
[19992:6316:0520/142223.258:VERBOSE1:components\component_updater\component_installer.cc:477] StartRegistration for MEI Preload
[19992:22048:0520/142223.258:VERBOSE1:components\component_updater\component_installer.cc:312] Preinstalled component found for Privacy Sandbox Attestations at C:\Program Files\Google\Chrome\Application\148.0.7778.168\PrivacySandboxAttestationsPreloaded with version 2025.7.18.0.
[19992:28512:0520/142223.258:VERBOSE1:components\component_updater\component_installer.cc:477] StartRegistration for PKI Metadata
[19992:24080:0520/142223.258:VERBOSE1:components\component_updater\component_installer.cc:477] StartRegistration for CRLSet
[19992:9596:0520/142223.257:VERBOSE1:components\component_updater\component_installer.cc:477] StartRegistration for Optimization Hints
[19992:1092:0520/142223.258:VERBOSE1:components\component_updater\installer_policies\actor_safety_lists_component_installer.cc:141] Registering Actor Safety Lists Component.
[19992:26960:0520/142223.258:VERBOSE1:components\component_updater\component_installer.cc:477] StartRegistration for Crowd Deny
[19992:6672:0520/142223.258:VERBOSE1:components\component_updater\component_installer.cc:477] StartRegistration for Hyphenation
[19992:1092:0520/142223.258:VERBOSE1:chrome\browser\component_updater\translate_kit_component_installer.cc:210] Registering TranslateKit component.
[19992:1728:0520/142223.258:VERBOSE1:components\component_updater\component_installer.cc:477] StartRegistration for Safety Tips
[19992:6316:0520/142223.258:VERBOSE1:components\component_updater\component_installer.cc:312] Preinstalled component found for MEI Preload at C:\Program Files\Google\Chrome\Application\148.0.7778.168\MEIPreload with version 1.0.7.1652906823.
[19992:1092:0520/142223.258:VERBOSE1:chrome\browser\component_updater\wasm_tts_engine_component_installer.cc:286] Registering WASM TTS Engine component.
[19992:24080:0520/142223.258:VERBOSE1:components\component_updater\component_installer.cc:477] StartRegistration for Zxcvbn Data Dictionaries
[19992:1092:0520/142223.258:VERBOSE1:chrome\browser\component_updater\captcha_provider_component_installer.cc:175] Registering Captcha Provider component.
[19992:9596:0520/142223.258:VERBOSE1:components\component_updater\component_installer.cc:477] StartRegistration for Actor Safety Lists
[19992:6672:0520/142223.258:VERBOSE1:components\component_updater\component_installer.cc:477] StartRegistration for Amount Extraction Heuristic Regexes
[19992:2524:0520/142223.258:VERBOSE1:components\component_updater\component_installer.cc:477] StartRegistration for WASM TTS Engine
[19992:22048:0520/142223.258:VERBOSE1:components\component_updater\component_installer.cc:477] StartRegistration for Captcha Providers
[19992:1092:0520/142223.258:VERBOSE1:chrome\browser\profiles\profile_manager.cc:1408] AddKeepAlive(Default, kBrowserWindow). keep_alives=[kWaitingForFirstBrowserWindow (1), kBrowserWindow (1), kRemoteDebugging (1)]
[19992:1092:0520/142223.258:VERBOSE1:chrome\browser\profiles\profile_manager.cc:1490] ClearFirstBrowserWindowKeepAlive(Default). keep_alives=[kBrowserWindow (1), kRemoteDebugging (1)]
[19992:1092:0520/142223.258:VERBOSE1:components\signin\internal\identity_manager\mutable_profile_oauth2_token_service_delegate.cc:443] MutablePO2TS::RefreshTokenIsAvailable
[19992:1092:0520/142223.258:VERBOSE1:components\signin\internal\identity_manager\mutable_profile_oauth2_token_service_delegate.cc:443] MutablePO2TS::RefreshTokenIsAvailable
[19992:1092:0520/142223.265:VERBOSE1:components\signin\internal\identity_manager\mutable_profile_oauth2_token_service_delegate.cc:443] MutablePO2TS::RefreshTokenIsAvailable
[19992:1092:0520/142223.265:VERBOSE1:components\signin\internal\identity_manager\mutable_profile_oauth2_token_service_delegate.cc:443] MutablePO2TS::RefreshTokenIsAvailable
[15976:12952:0520/142223.280:ERROR:ui\gl\direct_composition_support.cc:243] GetGpuDriverOverlayInfo: Failed to retrieve video device
[15976:12952:0520/142223.280:VERBOSE1:components\viz\service\main\viz_main_impl.cc:87] VizNullHypothesis is disabled (not a warning)
[19992:1092:0520/142223.286:VERBOSE1:chrome\browser\ui\views\omnibox\omnibox_popup_closer.cc:65] Closing omnibox popup with reason: kRevertAll
[19992:1092:0520/142223.286:VERBOSE1:chrome\browser\ui\views\omnibox\omnibox_popup_closer.cc:65] Closing omnibox popup with reason: kBrowserWidgetMoved
[19992:1092:0520/142223.292:VERBOSE1:components\signin\internal\identity_manager\mutable_profile_oauth2_token_service_delegate.cc:443] MutablePO2TS::RefreshTokenIsAvailable
[19992:1092:0520/142223.303:VERBOSE1:chrome\browser\enterprise\data_protection\data_protection_navigation_observer.cc:222] enterprise.data_protection: same document navigation: 0
[19992:1092:0520/142223.303:VERBOSE1:chrome\browser\enterprise\data_protection\data_protection_navigation_observer.cc:224] enterprise.data_protection: URL to scan: chrome://new-tab-page/
[19992:1092:0520/142223.303:VERBOSE1:components\signin\internal\identity_manager\mutable_profile_oauth2_token_service_delegate.cc:443] MutablePO2TS::RefreshTokenIsAvailable
[19992:1092:0520/142223.310:VERBOSE1:chrome\browser\ui\views\omnibox\omnibox_popup_closer.cc:65] Closing omnibox popup with reason: kRevertAll
[24980:14612:0520/142223.310:INFO:third_party\webrtc\rtc_base\cpu_info.cc:77] Available number of cores: 12
[15296:23924:0520/142223.317:INFO:third_party\webrtc\rtc_base\cpu_info.cc:77] Available number of cores: 12
[19992:1092:0520/142223.319:VERBOSE1:components\signin\internal\identity_manager\mutable_profile_oauth2_token_service_delegate.cc:443] MutablePO2TS::RefreshTokenIsAvailable
[11272:8088:0520/142223.319:VERBOSE1:net\base\network_delegate.cc:38] NetworkDelegate::NotifyBeforeURLRequest: http://clients2.google.com/time/1/current?cup2key=10:4qRC03YiVGqk3CLDwno5bBAroWpo3vYinUWW4HuWMa4&cup2hreq=e3b0c44298fc1c149afbf4c8996fb92427ae41e4649b934ca495991b7852b855
[19992:1092:0520/142223.324:VERBOSE1:components\signin\internal\identity_manager\mutable_profile_oauth2_token_service_delegate.cc:599] MutablePO2TS::OnWebDataServiceRequestDone. Result type: 6
[19992:1092:0520/142223.324:VERBOSE1:components\signin\internal\identity_manager\mutable_profile_oauth2_token_service_delegate.cc:661] MutablePO2TS::LoadAllCredentialsIntoMemory; 0 credential(s).
[19992:1092:0520/142223.324:VERBOSE1:components\signin\internal\identity_manager\mutable_profile_oauth2_token_service_delegate.cc:443] MutablePO2TS::RefreshTokenIsAvailable
[19992:1092:0520/142223.324:VERBOSE1:google_apis\gaia\gaia_auth_util.cc:53] Canonicalized @gmail.com to @gmail.com
[19992:1092:0520/142223.324:VERBOSE1:google_apis\gaia\gaia_auth_util.cc:53] Canonicalized @gmail.com to @gmail.com
[19992:1092:0520/142223.324:VERBOSE1:components\signin\internal\identity_manager\mutable_profile_oauth2_token_service_delegate.cc:443] MutablePO2TS::RefreshTokenIsAvailable
[19992:1092:0520/142223.324:VERBOSE1:components\signin\internal\identity_manager\mutable_profile_oauth2_token_service_delegate.cc:443] MutablePO2TS::RefreshTokenIsAvailable
[19992:1092:0520/142223.324:VERBOSE1:components\signin\internal\identity_manager\mutable_profile_oauth2_token_service_delegate.cc:443] MutablePO2TS::RefreshTokenIsAvailable
[19992:1092:0520/142223.324:VERBOSE1:components\signin\internal\identity_manager\mutable_profile_oauth2_token_service_delegate.cc:443] MutablePO2TS::RefreshTokenIsAvailable
[19992:1092:0520/142223.324:VERBOSE1:components\signin\internal\identity_manager\mutable_profile_oauth2_token_service_delegate.cc:443] MutablePO2TS::RefreshTokenIsAvailable
[19992:1092:0520/142223.324:VERBOSE1:components\signin\internal\identity_manager\mutable_profile_oauth2_token_service_delegate.cc:443] MutablePO2TS::RefreshTokenIsAvailable
[19992:1092:0520/142223.324:VERBOSE1:components\signin\internal\identity_manager\mutable_profile_oauth2_token_service_delegate.cc:443] MutablePO2TS::RefreshTokenIsAvailable
[19992:1092:0520/142223.324:VERBOSE1:components\signin\internal\identity_manager\mutable_profile_oauth2_token_service_delegate.cc:443] MutablePO2TS::RefreshTokenIsAvailable
[19992:1092:0520/142223.324:VERBOSE1:components\signin\core\browser\account_reconcilor.cc:338] AccountReconcilor::OnEndBatchOfRefreshTokenStateChanges. Reconcilor state: 1
[19992:1092:0520/142223.330:VERBOSE1:components\signin\internal\identity_manager\mutable_profile_oauth2_token_service_delegate.cc:443] MutablePO2TS::RefreshTokenIsAvailable
[19992:9596:0520/142223.332:VERBOSE1:net\disk_cache\simple\simple_index_file.cc:609] Simple Cache Index is being restored from disk.
[19992:1092:0520/142223.332:WARNING:chrome\browser\extensions\external_registry_loader_win.cc:236] Error observing HKLM: Access is denied. (0x5)
[19992:1092:0520/142223.332:VERBOSE1:components\component_updater\component_installer.cc:556] FinishRegistration for Chrome Improved Recovery
[19992:1092:0520/142223.332:VERBOSE1:components\component_updater\component_updater_service.cc:169] CrxUpdateService starting up. First update attempt will take place in 60 s seconds. Next update attempt will take place in 18000 s seconds. 
[19992:1092:0520/142223.332:VERBOSE1:components\component_updater\component_installer.cc:556] FinishRegistration for Subresource Filter Rules
[19992:1092:0520/142223.332:VERBOSE1:chrome\browser\profiles\profile_manager.cc:1408] AddKeepAlive(Default, kExtensionUpdater). keep_alives=[kBrowserWindow (1), kExtensionUpdater (1), kRemoteDebugging (1)]
[11272:8088:0520/142223.334:VERBOSE1:net\base\network_delegate.cc:38] NetworkDelegate::NotifyBeforeURLRequest: https://safebrowsingohttpgateway.googleapis.com/v1/ohttp/hpkekeyconfig?key=AIzaSyA2KlwBX3mkFo30om9LUFYQhpqLoa_BNhE
[19992:1092:0520/142223.334:VERBOSE1:components\component_updater\component_installer.cc:556] FinishRegistration for OnDeviceHeadSuggest
[19992:1092:0520/142223.334:VERBOSE1:components\component_updater\component_installer.cc:556] FinishRegistration for Trust Token Key Commitments
[19992:1092:0520/142223.334:VERBOSE1:components\component_updater\component_installer.cc:556] FinishRegistration for Certificate Error Assistant
[19992:1092:0520/142223.334:VERBOSE1:components\component_updater\component_installer.cc:556] FinishRegistration for Widevine Content Decryption Module
[19992:1092:0520/142223.334:VERBOSE1:components\component_updater\component_installer.cc:597] Component ready, version 4.10.3050.0 in C:\Program Files\Google\Chrome\Application\148.0.7778.168\WidevineCdm
[19992:1092:0520/142223.334:VERBOSE1:components\component_updater\component_installer.cc:556] FinishRegistration for Origin Trials
[19992:1092:0520/142223.334:VERBOSE1:components\component_updater\component_installer.cc:556] FinishRegistration for CRLSet
[19992:1092:0520/142223.334:VERBOSE1:components\component_updater\component_installer.cc:556] FinishRegistration for Optimization Hints
[19992:1092:0520/142223.334:VERBOSE1:components\component_updater\component_installer.cc:556] FinishRegistration for Hyphenation
[19992:1092:0520/142223.334:VERBOSE1:components\component_updater\component_installer.cc:556] FinishRegistration for PKI Metadata
[19992:1092:0520/142223.334:VERBOSE1:components\component_updater\component_installer.cc:556] FinishRegistration for File Type Policies
[19992:1092:0520/142223.334:VERBOSE1:components\component_updater\component_installer.cc:556] FinishRegistration for Privacy Sandbox Attestations
[11272:8088:0520/142223.334:VERBOSE1:net\base\network_delegate.cc:38] NetworkDelegate::NotifyBeforeURLRequest: https://clients2.google.com/service/update2/crx?os=win&arch=x64&os_arch=x86_64&prod=chromecrx&prodchannel=&prodversion=148.0.7778.168&lang=en-GB&acceptformat=crx3,puff&x=id%3Dghbmnnjooekpmoecnnnilnnbdlolhkhi%26v%3D0.0.0.0%26installedby%3Dinternal%26uc%26brand%3DCHBD%26ping%3Dr%253D-1%2526e%253D1&x=id%3Dnmmhkkegccagdldgiimedpiccmgmieda%26v%3D0.0.0.0%26installedby%3Dother%26uc%26brand%3DCHBD%26ping%3Dr%253D-1%2526e%253D1
[19992:1092:0520/142223.334:VERBOSE1:components\component_updater\component_installer.cc:597] Component ready, version 2025.7.18.0 in C:\Program Files\Google\Chrome\Application\148.0.7778.168\PrivacySandboxAttestationsPreloaded
[19992:1092:0520/142223.334:VERBOSE1:chrome\browser\component_updater\privacy_sandbox_attestations_component_installer.cc:111] Privacy Sandbox Attestations Component ready, version 2025.7.18.0 in C:\Program Files\Google\Chrome\Application\148.0.7778.168\PrivacySandboxAttestationsPreloaded
[19992:1092:0520/142223.334:VERBOSE1:chrome\browser\component_updater\privacy_sandbox_attestations_component_installer.cc:188] Received privacy sandbox attestations file
[19992:1092:0520/142223.334:VERBOSE1:components\component_updater\component_installer.cc:556] FinishRegistration for Safety Tips
[19992:1092:0520/142223.334:VERBOSE1:components\component_updater\component_installer.cc:556] FinishRegistration for MEI Preload
[19992:1092:0520/142223.334:VERBOSE1:components\component_updater\component_installer.cc:597] Component ready, version 1.0.7.1652906823 in C:\Program Files\Google\Chrome\Application\148.0.7778.168\MEIPreload
[19992:1092:0520/142223.334:VERBOSE1:components\component_updater\component_installer.cc:556] FinishRegistration for Actor Safety Lists
[19992:1092:0520/142223.334:VERBOSE1:components\component_updater\component_installer.cc:556] FinishRegistration for Zxcvbn Data Dictionaries
[19992:1092:0520/142223.334:VERBOSE1:components\component_updater\component_installer.cc:556] FinishRegistration for Amount Extraction Heuristic Regexes
[19992:1092:0520/142223.334:VERBOSE1:components\component_updater\component_installer.cc:556] FinishRegistration for Captcha Providers
[19992:1092:0520/142223.334:VERBOSE1:components\component_updater\component_installer.cc:556] FinishRegistration for WASM TTS Engine
[19992:1092:0520/142223.334:VERBOSE1:components\component_updater\component_installer.cc:556] FinishRegistration for Crowd Deny
[11272:8088:0520/142223.334:VERBOSE1:net\base\network_delegate.cc:38] NetworkDelegate::NotifyBeforeURLRequest: https://accounts.google.com/ListAccounts?gpsia=1&source=ChromiumBrowser&json=standard&laf=b64bin
[19992:1092:0520/142223.335:VERBOSE1:chrome\browser\local_discovery\service_discovery_device_lister.cc:36] DeviceListerStart: service_type: _googlecast._tcp.local
[19992:1092:0520/142223.335:VERBOSE1:chrome\browser\local_discovery\service_discovery_device_lister.cc:42] DiscoverNewDevices: service_type: _googlecast._tcp.local
[11272:8088:0520/142223.335:VERBOSE1:net\base\network_delegate.cc:38] NetworkDelegate::NotifyBeforeURLRequest: https://clientservices.googleapis.com/chrome-variations/seed?osname=win&channel=stable&milestone=148
[11272:8088:0520/142223.336:VERBOSE1:net\proxy_resolution\configured_proxy_resolution_service.cc:1223] Failed configuring with PAC script, falling-back to manual proxy servers.
[11272:8088:0520/142223.337:VERBOSE1:net\proxy_resolution\configured_proxy_resolution_service.cc:1223] Failed configuring with PAC script, falling-back to manual proxy servers.
[11272:8088:0520/142223.339:VERBOSE1:net\proxy_resolution\configured_proxy_resolution_service.cc:1223] Failed configuring with PAC script, falling-back to manual proxy servers.
[19992:1092:0520/142223.343:VERBOSE1:chrome\browser\component_updater\widevine_cdm_component_installer.cc:94] Registering Widevine CDM 4.10.3050.0 with Chrome
[19992:1092:0520/142223.343:VERBOSE1:components\privacy_sandbox\privacy_sandbox_attestations\privacy_sandbox_attestations.cc:480] Parsed Privacy Sandbox Attestation list version: 2025.7.18.0
[19992:1092:0520/142223.343:VERBOSE1:components\privacy_sandbox\privacy_sandbox_attestations\privacy_sandbox_attestations.cc:482] Number of attestation entries: 263
[19992:1092:0520/142223.345:VERBOSE1:components\signin\internal\identity_manager\mutable_profile_oauth2_token_service_delegate.cc:443] MutablePO2TS::RefreshTokenIsAvailable
[19992:1092:0520/142223.349:VERBOSE1:chrome\browser\web_applications\locks\partitioned_lock_manager.cc:262] Acquiring <PartitionedLockId>{id: 0x31, partition: 0} for Start@chrome\browser\web_applications\generated_icon_fix_manager.cc:61
[19992:1092:0520/142223.349:VERBOSE1:chrome\browser\web_applications\locks\partitioned_lock_manager.cc:243] All locks acquired for Start@chrome\browser\web_applications\generated_icon_fix_manager.cc:61
[19992:1092:0520/142223.351:VERBOSE1:components\segmentation_platform\internal\signals\signal_filter_processor.cc:61] Segmentation platform started observing Session.TotalDuration
[19992:1092:0520/142223.351:VERBOSE1:components\segmentation_platform\internal\signals\signal_filter_processor.cc:61] Segmentation platform started observing Commerce.PriceDrops.ActiveTabNavigationComplete.IsProductDetailPage
[19992:1092:0520/142223.351:VERBOSE1:components\segmentation_platform\internal\signals\signal_filter_processor.cc:54] Segmentation platform started observing Autofill_PolledCreditCardSuggestions
[19992:1092:0520/142223.351:VERBOSE1:components\segmentation_platform\internal\signals\signal_filter_processor.cc:61] Segmentation platform started observing IOS.ParcelTracking.Tracked.AutoTrack
[19992:1092:0520/142223.351:VERBOSE1:components\segmentation_platform\internal\signals\signal_filter_processor.cc:61] Segmentation platform started observing Omnibox.SuggestionUsed.ClientSummarizedResultType
[19992:1092:0520/142223.351:VERBOSE1:components\segmentation_platform\internal\signals\signal_filter_processor.cc:54] Segmentation platform started observing MetadataWriter
[19992:1092:0520/142223.351:VERBOSE1:components\segmentation_platform\internal\signals\signal_filter_processor.cc:61] Segmentation platform started observing Sync.DeviceCount2
[19992:1092:0520/142223.351:VERBOSE1:components\segmentation_platform\internal\signals\signal_filter_processor.cc:61] Segmentation platform started observing Sync.DeviceCount2.Phone
[19992:1092:0520/142223.351:VERBOSE1:components\segmentation_platform\internal\signals\signal_filter_processor.cc:61] Segmentation platform started observing Sync.DeviceCount2.Desktop
[19992:1092:0520/142223.351:VERBOSE1:components\segmentation_platform\internal\signals\signal_filter_processor.cc:61] Segmentation platform started observing Sync.DeviceCount2.Tablet
[19992:1092:0520/142223.351:VERBOSE1:components\segmentation_platform\internal\signals\signal_filter_processor.cc:54] Segmentation platform started observing MobileBookmarkManagerOpen
[19992:1092:0520/142223.351:VERBOSE1:components\segmentation_platform\internal\signals\signal_filter_processor.cc:54] Segmentation platform started observing NewTabPage.MostVisited.Clicked
[19992:1092:0520/142223.351:VERBOSE1:components\segmentation_platform\internal\signals\signal_filter_processor.cc:54] Segmentation platform started observing TabGroup.Created.OpenInNewTab
[19992:1092:0520/142223.351:VERBOSE1:components\segmentation_platform\internal\signals\signal_filter_processor.cc:54] Segmentation platform started observing Android.HistoryPage.OpenItem
[19992:1092:0520/142223.351:VERBOSE1:components\segmentation_platform\internal\signals\signal_filter_processor.cc:54] Segmentation platform started observing MobileMenuRecentTabs
[19992:1092:0520/142223.351:VERBOSE1:components\segmentation_platform\internal\signals\signal_filter_processor.cc:61] Segmentation platform started observing PasswordManager.ManagePasswordsReferrer
[19992:1092:0520/142223.351:VERBOSE1:components\segmentation_platform\internal\signals\signal_filter_processor.cc:61] Segmentation platform started observing PasswordManager.ProfileStore.TotalAccountsHiRes3.WithScheme.Https
[19992:1092:0520/142223.351:VERBOSE1:components\segmentation_platform\internal\signals\signal_filter_processor.cc:61] Segmentation platform started observing PasswordManager.FillingAssistance
[19992:1092:0520/142223.351:VERBOSE1:components\segmentation_platform\internal\signals\signal_filter_processor.cc:61] Segmentation platform started observing PasswordManager.SavedPasswordIsGenerated
[19992:1092:0520/142223.351:VERBOSE1:components\segmentation_platform\internal\signals\signal_filter_processor.cc:61] Segmentation platform started observing PasswordManager.SaveUIDismissalReason
[19992:1092:0520/142223.351:VERBOSE1:components\segmentation_platform\internal\signals\signal_filter_processor.cc:61] Segmentation platform started observing PasswordManager.SaveUIDismissalReason
[19992:1092:0520/142223.351:VERBOSE1:components\segmentation_platform\internal\signals\signal_filter_processor.cc:61] Segmentation platform started observing IOS.CredentialExtension.IsEnabled.Startup
[19992:1092:0520/142223.351:VERBOSE1:components\segmentation_platform\internal\signals\signal_filter_processor.cc:61] Segmentation platform started observing Session.TotalDuration
[15296:23924:0520/142223.351:VERBOSE1:extensions\renderer\script_context.cc:150] Created context:
  extension id:           (none)
  frame:                  0x11b4020304e8
  URL:                    
  context_type:           WEBUI
  effective extension id: (none)
  effective context type: WEBUI
[19992:1092:0520/142223.351:VERBOSE1:chrome\browser\web_applications\locks\partitioned_lock_manager.cc:286] Releasing <PartitionedLockId>{id: 0x31, partition: 0} requested by Start@chrome\browser\web_applications\generated_icon_fix_manager.cc:61
[15296:23924:0520/142223.351:VERBOSE1:extensions\renderer\script_context.cc:150] Created context:
  extension id:           (none)
  frame:                  (nil)
  URL:                    
  context_type:           UNSPECIFIED
  effective extension id: (none)
  effective context type: UNSPECIFIED
[11272:8088:0520/142223.352:VERBOSE1:net\base\network_delegate.cc:38] NetworkDelegate::NotifyBeforeURLRequest: https://www.google.com/async/folae?async=_fmt:pb&udm=50&client_locale=en-GB
[15296:23924:0520/142223.352:VERBOSE1:extensions\renderer\dispatcher.cc:493] Num tracked contexts: 1
[11272:8088:0520/142223.353:VERBOSE1:net\third_party\quiche\src\quiche\quic\core\tls_handshaker.cc:109] TlsClient: Continuing handshake
[19880:10744:0520/142223.358:INFO:third_party\webrtc\rtc_base\cpu_info.cc:77] Available number of cores: 12
[15296:23924:0520/142223.358:VERBOSE1:extensions\renderer\script_context.cc:150] Created context:
  extension id:           (none)
  frame:                  0x11b402127d48
  URL:                    
  context_type:           WEB_PAGE
  effective extension id: (none)
  effective context type: WEBUI
[15296:23924:0520/142223.358:VERBOSE1:extensions\renderer\script_context.cc:150] Created context:
  extension id:           (none)
  frame:                  (nil)
  URL:                    
  context_type:           UNSPECIFIED
  effective extension id: (none)
  effective context type: UNSPECIFIED
[15296:23924:0520/142223.358:VERBOSE1:extensions\renderer\dispatcher.cc:493] Num tracked contexts: 2
[15296:23924:0520/142223.369:VERBOSE1:third_party\blink\renderer\core\script\modulator_impl_base.cc:141] "Import Map: \"chrome://new-tab-page/shared.rollup.js\" skips prefix match because of non-special URL scheme"
[15296:23924:0520/142223.369:VERBOSE1:third_party\blink\renderer\core\script\modulator_impl_base.cc:141] "Import Map: \"chrome://resources/js/load_time_data.js\" skips prefix match because of non-special URL scheme"
[15296:23924:0520/142223.369:VERBOSE1:third_party\blink\renderer\core\script\modulator_impl_base.cc:141] "Import Map: \"chrome://resources/lit/v3_0/lit.rollup.js\" skips prefix match because of non-special URL scheme"
[15296:23924:0520/142223.369:VERBOSE1:third_party\blink\renderer\core\script\modulator_impl_base.cc:141] "Import Map: \"chrome://resources/mojo/mojo/public/js/bindings.js\" skips prefix match because of non-special URL scheme"
[15296:23924:0520/142223.369:VERBOSE1:third_party\blink\renderer\core\script\modulator_impl_base.cc:141] "Import Map: \"chrome://resources/mojo/mojo/public/mojom/base/time.mojom-webui.js\" skips prefix match because of non-special URL scheme"
[15296:23924:0520/142223.369:VERBOSE1:third_party\blink\renderer\core\script\modulator_impl_base.cc:141] "Import Map: \"chrome://resources/js/cr.js\" skips prefix match because of non-special URL scheme"
[15296:23924:0520/142223.369:VERBOSE1:third_party\blink\renderer\core\script\modulator_impl_base.cc:141] "Import Map: \"chrome://new-tab-page/new_tab_page.mojom-webui.js\" skips prefix match because of non-special URL scheme"
[15296:23924:0520/142223.369:VERBOSE1:third_party\blink\renderer\core\script\modulator_impl_base.cc:141] "Import Map: \"chrome://new-tab-page/strings.m.js\" skips prefix match because of non-special URL scheme"
[15296:23924:0520/142223.369:VERBOSE1:third_party\blink\renderer\core\script\modulator_impl_base.cc:141] "Import Map: \"chrome://resources/cr_components/color_change_listener/color_change_listener.mojom-webui.js\" skips prefix match because of non-special URL scheme"
[15296:23924:0520/142223.369:VERBOSE1:third_party\blink\renderer\core\script\modulator_impl_base.cc:141] "Import Map: \"chrome://resources/mojo/mojo/public/mojom/base/string16.mojom-webui.js\" skips prefix match because of non-special URL scheme"
[15296:23924:0520/142223.369:VERBOSE1:third_party\blink\renderer\core\script\modulator_impl_base.cc:141] "Import Map: \"chrome://new-tab-page/customize_buttons.mojom-webui.js\" skips prefix match because of non-special URL scheme"
[15296:23924:0520/142223.369:VERBOSE1:third_party\blink\renderer\core\script\modulator_impl_base.cc:141] "Import Map: \"chrome://new-tab-page/customize_chrome.mojom-webui.js\" skips prefix match because of non-special URL scheme"
[15296:23924:0520/142223.369:VERBOSE1:third_party\blink\renderer\core\script\modulator_impl_base.cc:141] "Import Map: \"chrome://new-tab-page/ntp_promo.mojom-webui.js\" skips prefix match because of non-special URL scheme"
[15296:23924:0520/142223.369:VERBOSE1:third_party\blink\renderer\core\script\modulator_impl_base.cc:141] "Import Map: \"chrome://new-tab-page/action_chips.mojom-webui.js\" skips prefix match because of non-special URL scheme"
[15296:23924:0520/142223.369:VERBOSE1:third_party\blink\renderer\core\script\modulator_impl_base.cc:141] "Import Map: \"chrome://resources/cr_components/composebox/composebox_query.mojom-webui.js\" skips prefix match because of non-special URL scheme"
[15296:23924:0520/142223.369:VERBOSE1:third_party\blink\renderer\core\script\modulator_impl_base.cc:141] "Import Map: \"chrome://resources/mojo/url/mojom/url.mojom-webui.js\" skips prefix match because of non-special URL scheme"
[15296:23924:0520/142223.369:VERBOSE1:third_party\blink\renderer\core\script\modulator_impl_base.cc:141] "Import Map: \"chrome://resources/cr_components/composebox/composebox.mojom-webui.js\" skips prefix match because of non-special URL scheme"
[15296:23924:0520/142223.369:VERBOSE1:third_party\blink\renderer\core\script\modulator_impl_base.cc:141] "Import Map: \"chrome://resources/cr_elements/cr_a11y_announcer/cr_a11y_announcer.css\" skips prefix match because of non-special URL scheme"
[11272:8088:0520/142223.373:VERBOSE1:net\third_party\quiche\src\quiche\quic\core\tls_handshaker.cc:109] TlsClient: Continuing handshake
[11272:8088:0520/142223.374:VERBOSE1:net\third_party\quiche\src\quiche\quic\core\tls_handshaker.cc:109] TlsClient: Continuing handshake
[11272:8088:0520/142223.374:VERBOSE1:net\third_party\quiche\src\quiche\quic\core\tls_handshaker.cc:109] TlsClient: Continuing handshake
[15296:23924:0520/142223.374:VERBOSE1:third_party\blink\renderer\core\script\modulator_impl_base.cc:141] "Import Map: \"chrome://resources/js/assert.js\" skips prefix match because of non-special URL scheme"
[15296:23924:0520/142223.376:VERBOSE1:third_party\blink\renderer\core\script\modulator_impl_base.cc:141] "Import Map: \"chrome://resources/mojo/mojo/public/js/bindings.js\" skips prefix match because of non-special URL scheme"
[15296:23924:0520/142223.376:VERBOSE1:third_party\blink\renderer\core\script\modulator_impl_base.cc:141] "Import Map: \"chrome://resources/mojo/mojo/public/mojom/base/time.mojom-converters.js\" skips prefix match because of non-special URL scheme"
[15296:23924:0520/142223.376:VERBOSE1:third_party\blink\renderer\core\script\modulator_impl_base.cc:141] "Import Map: \"chrome://resources/mojo/mojo/public/mojom/base/time_converters.js\" skips prefix match because of non-special URL scheme"
[15296:23924:0520/142223.378:VERBOSE1:third_party\blink\renderer\core\script\modulator_impl_base.cc:141] "Import Map: \"chrome://resources/js/assert.js\" skips prefix match because of non-special URL scheme"
[15296:23924:0520/142223.378:VERBOSE1:third_party\blink\renderer\core\script\modulator_impl_base.cc:141] "Import Map: \"chrome://resources/js/promise_resolver.js\" skips prefix match because of non-special URL scheme"
[15296:23924:0520/142223.378:VERBOSE1:third_party\blink\renderer\core\script\modulator_impl_base.cc:141] "Import Map: \"chrome://resources/mojo/mojo/public/js/bindings.js\" skips prefix match because of non-special URL scheme"
[15296:23924:0520/142223.378:VERBOSE1:third_party\blink\renderer\core\script\modulator_impl_base.cc:141] "Import Map: \"chrome://resources/mojo/mojo/public/mojom/base/big_buffer.mojom-webui.js\" skips prefix match because of non-special URL scheme"
[15296:23924:0520/142223.378:VERBOSE1:third_party\blink\renderer\core\script\modulator_impl_base.cc:141] "Import Map: \"chrome://resources/mojo/mojo/public/mojom/base/string16.mojom-converters.js\" skips prefix match because of non-special URL scheme"
[15296:23924:0520/142223.378:VERBOSE1:third_party\blink\renderer\core\script\modulator_impl_base.cc:141] "Import Map: \"chrome://resources/mojo/mojo/public/mojom/base/string16_converter.js\" skips prefix match because of non-special URL scheme"
[15296:23924:0520/142223.378:VERBOSE1:third_party\blink\renderer\core\script\modulator_impl_base.cc:141] "Import Map: \"chrome://resources/mojo/mojo/public/js/bindings.js\" skips prefix match because of non-special URL scheme"
[15296:23924:0520/142223.378:VERBOSE1:third_party\blink\renderer\core\script\modulator_impl_base.cc:141] "Import Map: \"chrome://new-tab-page/ntp_microsoft_auth_shared_ui.mojom-webui.js\" skips prefix match because of non-special URL scheme"
[15296:23924:0520/142223.378:VERBOSE1:third_party\blink\renderer\core\script\modulator_impl_base.cc:141] "Import Map: \"chrome://resources/cr_components/most_visited/most_visited.mojom-webui.js\" skips prefix match because of non-special URL scheme"
[15296:23924:0520/142223.378:VERBOSE1:third_party\blink\renderer\core\script\modulator_impl_base.cc:141] "Import Map: \"chrome://resources/mojo/components/ntp_tiles/tile_type.mojom-webui.js\" skips prefix match because of non-special URL scheme"
[15296:23924:0520/142223.378:VERBOSE1:third_party\blink\renderer\core\script\modulator_impl_base.cc:141] "Import Map: \"chrome://resources/mojo/skia/public/mojom/skcolor.mojom-webui.js\" skips prefix match because of non-special URL scheme"
[15296:23924:0520/142223.378:VERBOSE1:third_party\blink\renderer\core\script\modulator_impl_base.cc:141] "Import Map: \"chrome://resources/mojo/url/mojom/url.mojom-webui.js\" skips prefix match because of non-special URL scheme"
[15296:23924:0520/142223.378:VERBOSE1:third_party\blink\renderer\core\script\modulator_impl_base.cc:141] "Import Map: \"chrome://resources/mojo/mojo/public/js/bindings.js\" skips prefix match because of non-special URL scheme"
[15296:23924:0520/142223.378:VERBOSE1:third_party\blink\renderer\core\script\modulator_impl_base.cc:141] "Import Map: \"chrome://new-tab-page/customize_chrome.mojom-webui.js\" skips prefix match because of non-special URL scheme"
[11272:8088:0520/142223.380:VERBOSE1:net\third_party\quiche\src\quiche\quic\core\tls_handshaker.cc:109] TlsClient: Continuing handshake
[11272:8088:0520/142223.380:VERBOSE1:net\third_party\quiche\src\quiche\quic\core\tls_handshaker.cc:109] TlsClient: Continuing handshake
[15296:23924:0520/142223.381:VERBOSE1:third_party\blink\renderer\core\script\modulator_impl_base.cc:141] "Import Map: \"chrome://resources/mojo/mojo/public/js/bindings.js\" skips prefix match because of non-special URL scheme"
[15296:23924:0520/142223.381:VERBOSE1:third_party\blink\renderer\core\script\modulator_impl_base.cc:141] "Import Map: \"chrome://resources/mojo/components/ntp_tiles/tile_type.mojom-webui.js\" skips prefix match because of non-special URL scheme"
[15296:23924:0520/142223.381:VERBOSE1:third_party\blink\renderer\core\script\modulator_impl_base.cc:141] "Import Map: \"chrome://resources/mojo/mojo/public/mojom/base/token.mojom-webui.js\" skips prefix match because of non-special URL scheme"
[15296:23924:0520/142223.381:VERBOSE1:third_party\blink\renderer\core\script\modulator_impl_base.cc:141] "Import Map: \"chrome://resources/mojo/skia/public/mojom/skcolor.mojom-webui.js\" skips prefix match because of non-special URL scheme"
[15296:23924:0520/142223.381:VERBOSE1:third_party\blink\renderer\core\script\modulator_impl_base.cc:141] "Import Map: \"chrome://resources/mojo/url/mojom/url.mojom-webui.js\" skips prefix match because of non-special URL scheme"
[15296:23924:0520/142223.381:VERBOSE1:third_party\blink\renderer\core\script\modulator_impl_base.cc:141] "Import Map: \"chrome://resources/mojo/mojo/public/js/bindings.js\" skips prefix match because of non-special URL scheme"
[15296:23924:0520/142223.381:VERBOSE1:third_party\blink\renderer\core\script\modulator_impl_base.cc:141] "Import Map: \"chrome://resources/js/load_time_data.js\" skips prefix match because of non-special URL scheme"
[15296:23924:0520/142223.383:VERBOSE1:third_party\blink\renderer\core\script\modulator_impl_base.cc:141] "Import Map: \"chrome://resources/mojo/mojo/public/js/bindings.js\" skips prefix match because of non-special URL scheme"
[15296:23924:0520/142223.383:VERBOSE1:third_party\blink\renderer\core\script\modulator_impl_base.cc:141] "Import Map: \"chrome://resources/mojo/mojo/public/js/bindings.js\" skips prefix match because of non-special URL scheme"
[15296:23924:0520/142223.383:VERBOSE1:third_party\blink\renderer\core\script\modulator_impl_base.cc:141] "Import Map: \"chrome://resources/mojo/url/mojom/url.mojom-converters.js\" skips prefix match because of non-special URL scheme"
[15296:23924:0520/142223.383:VERBOSE1:third_party\blink\renderer\core\script\modulator_impl_base.cc:141] "Import Map: \"chrome://resources/mojo/url/mojom/url_converter.js\" skips prefix match because of non-special URL scheme"
[15296:23924:0520/142223.384:VERBOSE1:third_party\blink\renderer\core\script\modulator_impl_base.cc:141] "Import Map: \"chrome://resources/mojo/mojo/public/js/bindings.js\" skips prefix match because of non-special URL scheme"
[15296:23924:0520/142223.384:VERBOSE1:third_party\blink\renderer\core\script\modulator_impl_base.cc:141] "Import Map: \"chrome://resources/mojo/mojo/public/js/bindings.js\" skips prefix match because of non-special URL scheme"
[15296:23924:0520/142223.384:VERBOSE1:third_party\blink\renderer\core\script\modulator_impl_base.cc:141] "Import Map: \"chrome://resources/mojo/mojo/public/js/bindings.js\" skips prefix match because of non-special URL scheme"
[15296:23924:0520/142223.384:VERBOSE1:third_party\blink\renderer\core\script\modulator_impl_base.cc:141] "Import Map: \"chrome://resources/mojo/mojo/public/js/bindings.js\" skips prefix match because of non-special URL scheme"
[15296:23924:0520/142223.384:VERBOSE1:third_party\blink\renderer\core\script\modulator_impl_base.cc:141] "Import Map: \"chrome://resources/mojo/components/ntp_tiles/tile_source.mojom-webui.js\" skips prefix match because of non-special URL scheme"
[15296:23924:0520/142223.384:VERBOSE1:third_party\blink\renderer\core\script\modulator_impl_base.cc:141] "Import Map: \"chrome://resources/mojo/mojo/public/mojom/base/text_direction.mojom-webui.js\" skips prefix match because of non-special URL scheme"
[15296:23924:0520/142223.384:VERBOSE1:third_party\blink\renderer\core\script\modulator_impl_base.cc:141] "Import Map: \"chrome://resources/mojo/skia/public/mojom/skcolor.mojom-webui.js\" skips prefix match because of non-special URL scheme"
[15296:23924:0520/142223.384:VERBOSE1:third_party\blink\renderer\core\script\modulator_impl_base.cc:141] "Import Map: \"chrome://resources/mojo/url/mojom/url.mojom-webui.js\" skips prefix match because of non-special URL scheme"
[15296:23924:0520/142223.384:VERBOSE1:third_party\blink\renderer\core\script\modulator_impl_base.cc:141] "Import Map: \"chrome://resources/mojo/mojo/public/js/bindings.js\" skips prefix match because of non-special URL scheme"
[15296:23924:0520/142223.384:VERBOSE1:third_party\blink\renderer\core\script\modulator_impl_base.cc:141] "Import Map: \"chrome://resources/mojo/mojo/public/js/bindings.js\" skips prefix match because of non-special URL scheme"
[15296:23924:0520/142223.384:VERBOSE1:third_party\blink\renderer\core\script\modulator_impl_base.cc:141] "Import Map: \"chrome://resources/mojo/mojo/public/js/bindings.js\" skips prefix match because of non-special URL scheme"
[15296:23924:0520/142223.384:VERBOSE1:third_party\blink\renderer\core\script\modulator_impl_base.cc:141] "Import Map: \"chrome://resources/mojo/components/omnibox/browser/searchbox.mojom-webui.js\" skips prefix match because of non-special URL scheme"
[15296:23924:0520/142223.384:VERBOSE1:third_party\blink\renderer\core\script\modulator_impl_base.cc:141] "Import Map: \"chrome://resources/mojo/url/mojom/url.mojom-webui.js\" skips prefix match because of non-special URL scheme"
[15296:23924:0520/142223.384:VERBOSE1:third_party\blink\renderer\core\script\modulator_impl_base.cc:141] "Import Map: \"chrome://resources/mojo/mojo/public/js/bindings.js\" skips prefix match because of non-special URL scheme"
[15296:23924:0520/142223.385:VERBOSE1:third_party\blink\renderer\core\script\modulator_impl_base.cc:141] "Import Map: \"chrome://resources/mojo/mojo/public/js/bindings.js\" skips prefix match because of non-special URL scheme"
[15296:23924:0520/142223.385:VERBOSE1:third_party\blink\renderer\core\script\modulator_impl_base.cc:141] "Import Map: \"chrome://resources/mojo/mojo/public/js/bindings.js\" skips prefix match because of non-special URL scheme"
[19880:10744:0520/142223.385:VERBOSE1:extensions\renderer\script_context.cc:150] Created context:
  extension id:           nkeimhogjdpnpccoofpliimaahmaaome
  frame:                  0x4a7c020304e8
  URL:                    
  context_type:           BLESSED_EXTENSION
  effective extension id: nkeimhogjdpnpccoofpliimaahmaaome
  effective context type: BLESSED_EXTENSION
[15296:23924:0520/142223.385:VERBOSE1:third_party\blink\renderer\core\script\modulator_impl_base.cc:141] "Import Map: \"chrome://resources/mojo/mojo/public/js/bindings.js\" skips prefix match because of non-special URL scheme"
[15296:23924:0520/142223.385:VERBOSE1:third_party\blink\renderer\core\script\modulator_impl_base.cc:141] "Import Map: \"chrome://resources/mojo/mojo/public/mojom/base/time.mojom-webui.js\" skips prefix match because of non-special URL scheme"
[15296:23924:0520/142223.385:VERBOSE1:third_party\blink\renderer\core\script\modulator_impl_base.cc:141] "Import Map: \"chrome://resources/mojo/url/mojom/url.mojom-webui.js\" skips prefix match because of non-special URL scheme"
[19880:10744:0520/142223.386:VERBOSE1:extensions\renderer\script_context.cc:150] Created context:
  extension id:           (none)
  frame:                  (nil)
  URL:                    
  context_type:           UNSPECIFIED
  effective extension id: (none)
  effective context type: UNSPECIFIED
[15296:23924:0520/142223.386:VERBOSE1:third_party\blink\renderer\core\script\modulator_impl_base.cc:141] "Import Map: \"chrome://resources/mojo/mojo/public/js/bindings.js\" skips prefix match because of non-special URL scheme"
[15296:23924:0520/142223.386:VERBOSE1:third_party\blink\renderer\core\script\modulator_impl_base.cc:141] "Import Map: \"chrome://resources/mojo/mojo/public/js/bindings.js\" skips prefix match because of non-special URL scheme"
[15296:23924:0520/142223.386:VERBOSE1:third_party\blink\renderer\core\script\modulator_impl_base.cc:141] "Import Map: \"chrome://resources/mojo/mojo/public/js/bindings.js\" skips prefix match because of non-special URL scheme"
[19880:10744:0520/142223.387:VERBOSE1:extensions\renderer\dispatcher.cc:493] Num tracked contexts: 1
[15296:23924:0520/142223.388:VERBOSE1:third_party\blink\renderer\core\script\modulator_impl_base.cc:141] "Import Map: \"chrome://resources/mojo/mojo/public/js/bindings.js\" skips prefix match because of non-special URL scheme"
[15296:23924:0520/142223.388:VERBOSE1:third_party\blink\renderer\core\script\modulator_impl_base.cc:141] "Import Map: \"chrome://resources/mojo/mojo/public/mojom/base/big_buffer.mojom-webui.js\" skips prefix match because of non-special URL scheme"
[15296:23924:0520/142223.388:VERBOSE1:third_party\blink\renderer\core\script\modulator_impl_base.cc:141] "Import Map: \"chrome://resources/mojo/mojo/public/mojom/base/string16.mojom-webui.js\" skips prefix match because of non-special URL scheme"
[15296:23924:0520/142223.388:VERBOSE1:third_party\blink\renderer\core\script\modulator_impl_base.cc:141] "Import Map: \"chrome://resources/mojo/mojo/public/mojom/base/time.mojom-webui.js\" skips prefix match because of non-special URL scheme"
[15296:23924:0520/142223.388:VERBOSE1:third_party\blink\renderer\core\script\modulator_impl_base.cc:141] "Import Map: \"chrome://resources/mojo/mojo/public/mojom/base/unguessable_token.mojom-webui.js\" skips prefix match because of non-special URL scheme"
[15296:23924:0520/142223.388:VERBOSE1:third_party\blink\renderer\core\script\modulator_impl_base.cc:141] "Import Map: \"chrome://resources/mojo/ui/base/mojom/window_open_disposition.mojom-webui.js\" skips prefix match because of non-special URL scheme"
[15296:23924:0520/142223.388:VERBOSE1:third_party\blink\renderer\core\script\modulator_impl_base.cc:141] "Import Map: \"chrome://resources/mojo/url/mojom/url.mojom-webui.js\" skips prefix match because of non-special URL scheme"
[15296:23924:0520/142223.388:VERBOSE1:third_party\blink\renderer\core\script\modulator_impl_base.cc:141] "Import Map: \"chrome://resources/mojo/components/omnibox/composebox/composebox_query.mojom-webui.js\" skips prefix match because of non-special URL scheme"
[15296:23924:0520/142223.388:VERBOSE1:third_party\blink\renderer\core\script\modulator_impl_base.cc:141] "Import Map: \"chrome://resources/mojo/components/omnibox/browser/omnibox.mojom-webui.js\" skips prefix match because of non-special URL scheme"
[15296:23924:0520/142223.388:VERBOSE1:third_party\blink\renderer\core\script\modulator_impl_base.cc:141] "Import Map: \"chrome://resources/mojo/mojo/public/js/bindings.js\" skips prefix match because of non-special URL scheme"
[15296:23924:0520/142223.388:VERBOSE1:third_party\blink\renderer\core\script\modulator_impl_base.cc:141] "Import Map: \"chrome://resources/mojo/mojo/public/js/bindings.js\" skips prefix match because of non-special URL scheme"
[15296:23924:0520/142223.388:VERBOSE1:third_party\blink\renderer\core\script\modulator_impl_base.cc:141] "Import Map: \"chrome://resources/mojo/mojo/public/mojom/base/unguessable_token.mojom-converters.js\" skips prefix match because of non-special URL scheme"
[15296:23924:0520/142223.388:VERBOSE1:third_party\blink\renderer\core\script\modulator_impl_base.cc:141] "Import Map: \"chrome://resources/mojo/mojo/public/mojom/base/unguessable_token_converter.js\" skips prefix match because of non-special URL scheme"
[15296:23924:0520/142223.388:VERBOSE1:third_party\blink\renderer\core\script\modulator_impl_base.cc:141] "Import Map: \"chrome://resources/mojo/mojo/public/js/bindings.js\" skips prefix match because of non-special URL scheme"
[15296:23924:0520/142223.388:VERBOSE1:third_party\blink\renderer\core\script\modulator_impl_base.cc:141] "Import Map: \"chrome://resources/mojo/mojo/public/js/bindings.js\" skips prefix match because of non-special URL scheme"
[15296:23924:0520/142223.390:VERBOSE1:third_party\blink\renderer\core\script\modulator_impl_base.cc:141] "Import Map: \"chrome://resources/mojo/mojo/public/js/bindings.js\" skips prefix match because of non-special URL scheme"
[11272:8088:0520/142223.392:VERBOSE1:net\third_party\quiche\src\quiche\quic\core\tls_handshaker.cc:109] TlsClient: Continuing handshake
[11272:8088:0520/142223.392:VERBOSE1:net\third_party\quiche\src\quiche\quic\core\tls_handshaker.cc:109] TlsClient: Continuing handshake
[11272:8088:0520/142223.393:VERBOSE1:net\third_party\quiche\src\quiche\quic\core\tls_handshaker.cc:109] TlsClient: Continuing handshake
[15296:23924:0520/142223.398:VERBOSE1:third_party\blink\renderer\core\script\modulator_impl_base.cc:141] "Import Map: \"chrome://resources/lit/v3_0/lit.rollup.js\" skips prefix match because of non-special URL scheme"
[15296:23924:0520/142223.398:VERBOSE1:third_party\blink\renderer\core\script\modulator_impl_base.cc:141] "Import Map: \"chrome://resources/mojo/mojo/public/js/bindings.js\" skips prefix match because of non-special URL scheme"
[15296:23924:0520/142223.398:VERBOSE1:third_party\blink\renderer\core\script\modulator_impl_base.cc:141] "Import Map: \"chrome://resources/js/load_time_data.js\" skips prefix match because of non-special URL scheme"
[15296:23924:0520/142223.398:VERBOSE1:third_party\blink\renderer\core\script\modulator_impl_base.cc:141] "Import Map: \"chrome://new-tab-page/action_chips.mojom-webui.js\" skips prefix match because of non-special URL scheme"
[15296:23924:0520/142223.398:VERBOSE1:third_party\blink\renderer\core\script\modulator_impl_base.cc:141] "Import Map: \"chrome://new-tab-page/new_tab_page.mojom-webui.js\" skips prefix match because of non-special URL scheme"
[15296:23924:0520/142223.398:VERBOSE1:third_party\blink\renderer\core\script\modulator_impl_base.cc:141] "Import Map: \"chrome://resources/cr_components/composebox/composebox_query.mojom-webui.js\" skips prefix match because of non-special URL scheme"
[15296:23924:0520/142223.398:VERBOSE1:third_party\blink\renderer\core\script\modulator_impl_base.cc:141] "Import Map: \"chrome://resources/mojo/mojo/public/mojom/base/string16.mojom-webui.js\" skips prefix match because of non-special URL scheme"
[15296:23924:0520/142223.398:VERBOSE1:third_party\blink\renderer\core\script\modulator_impl_base.cc:141] "Import Map: \"chrome://resources/mojo/mojo/public/mojom/base/time.mojom-webui.js\" skips prefix match because of non-special URL scheme"
[15296:23924:0520/142223.398:VERBOSE1:third_party\blink\renderer\core\script\modulator_impl_base.cc:141] "Import Map: \"chrome://resources/mojo/url/mojom/url.mojom-webui.js\" skips prefix match because of non-special URL scheme"
[15296:23924:0520/142223.398:VERBOSE1:third_party\blink\renderer\core\script\modulator_impl_base.cc:141] "Import Map: \"chrome://resources/cr_components/composebox/composebox.mojom-webui.js\" skips prefix match because of non-special URL scheme"
[15296:23924:0520/142223.398:VERBOSE1:third_party\blink\renderer\core\script\modulator_impl_base.cc:141] "Import Map: \"chrome://resources/cr_elements/cr_a11y_announcer/cr_a11y_announcer.css\" skips prefix match because of non-special URL scheme"
[15296:23924:0520/142223.398:VERBOSE1:third_party\blink\renderer\core\script\modulator_impl_base.cc:141] "Import Map: \"chrome://new-tab-page/strings.m.js\" skips prefix match because of non-special URL scheme"
[1660:21524:0520/142223.408:INFO:third_party\webrtc\rtc_base\cpu_info.cc:77] Available number of cores: 12
[27484:2348:0520/142223.408:INFO:third_party\webrtc\rtc_base\cpu_info.cc:77] Available number of cores: 12
[11272:8088:0520/142223.431:VERBOSE1:net\base\network_delegate.cc:38] NetworkDelegate::NotifyBeforeURLRequest: https://www.google.com/async/ddljson?async=ntp:2
[1660:4976:0520/142223.436:VERBOSE1:extensions\renderer\script_context.cc:150] Created context:
  extension id:           fignfifoniblkonapihmkfakmlgkbkcf
  frame:                  (nil)
  URL:                    
  context_type:           BLESSED_EXTENSION
  effective extension id: fignfifoniblkonapihmkfakmlgkbkcf
  effective context type: BLESSED_EXTENSION
[1660:4976:0520/142223.436:VERBOSE1:extensions\renderer\script_context.cc:150] Created context:
  extension id:           (none)
  frame:                  (nil)
  URL:                    
  context_type:           UNSPECIFIED
  effective extension id: (none)
  effective context type: UNSPECIFIED
[11272:8088:0520/142223.448:VERBOSE1:net\base\network_delegate.cc:38] NetworkDelegate::NotifyBeforeURLRequest: https://www.google.com/complete/search?client=chrome-omni&gs_ri=chrome-ext-ansg&xssi=t&q=&oit=0&oft=1&pgcl=20&gs_rn=42&sugkey=AIzaSyA2KlwBX3mkFo30om9LUFYQhpqLoa_BNhE
[19992:1092:0520/142223.457:VERBOSE1:components\signin\internal\identity_manager\mutable_profile_oauth2_token_service_delegate.cc:443] MutablePO2TS::RefreshTokenIsAvailable
[11272:8088:0520/142223.457:VERBOSE1:net\base\network_delegate.cc:38] NetworkDelegate::NotifyBeforeURLRequest: https://www.google.com/async/newtab_ogb?hl=en-GB&async=fixed:0
[11272:8088:0520/142223.459:VERBOSE1:net\third_party\quiche\src\quiche\quic\core\tls_handshaker.cc:109] TlsClient: Continuing handshake
[11272:8088:0520/142223.460:VERBOSE1:net\third_party\quiche\src\quiche\quic\core\tls_handshaker.cc:109] TlsClient: Continuing handshake
[11272:8088:0520/142223.460:VERBOSE1:net\third_party\quiche\src\quiche\quic\core\tls_handshaker.cc:130] TlsClient: SSL_do_handshake returned when entering early data. After retry, rv=-1, SSL_in_early_data=1
[15296:23924:0520/142223.463:VERBOSE1:third_party\blink\renderer\core\script\modulator_impl_base.cc:141] "Import Map: \"chrome://new-tab-page/shared.rollup.js\" skips prefix match because of non-special URL scheme"
[15296:23924:0520/142223.463:VERBOSE1:third_party\blink\renderer\core\script\modulator_impl_base.cc:141] "Import Map: \"chrome://resources/lit/v3_0/lit.rollup.js\" skips prefix match because of non-special URL scheme"
[15296:23924:0520/142223.463:VERBOSE1:third_party\blink\renderer\core\script\modulator_impl_base.cc:141] "Import Map: \"chrome://new-tab-page/strings.m.js\" skips prefix match because of non-special URL scheme"
[15296:23924:0520/142223.463:VERBOSE1:third_party\blink\renderer\core\script\modulator_impl_base.cc:141] "Import Map: \"chrome://resources/js/load_time_data.js\" skips prefix match because of non-special URL scheme"
[15296:23924:0520/142223.463:VERBOSE1:third_party\blink\renderer\core\script\modulator_impl_base.cc:141] "Import Map: \"chrome://new-tab-page/ntp_microsoft_auth_shared_ui.mojom-webui.js\" skips prefix match because of non-special URL scheme"
[15296:23924:0520/142223.463:VERBOSE1:third_party\blink\renderer\core\script\modulator_impl_base.cc:141] "Import Map: \"chrome://new-tab-page/microsoft_auth.mojom-webui.js\" skips prefix match because of non-special URL scheme"
[15296:23924:0520/142223.463:VERBOSE1:third_party\blink\renderer\core\script\modulator_impl_base.cc:141] "Import Map: \"chrome://new-tab-page/google_calendar.mojom-webui.js\" skips prefix match because of non-special URL scheme"
[15296:23924:0520/142223.463:VERBOSE1:third_party\blink\renderer\core\script\modulator_impl_base.cc:141] "Import Map: \"chrome://new-tab-page/outlook_calendar.mojom-webui.js\" skips prefix match because of non-special URL scheme"
[15296:23924:0520/142223.463:VERBOSE1:third_party\blink\renderer\core\script\modulator_impl_base.cc:141] "Import Map: \"chrome://new-tab-page/file_suggestion.mojom-webui.js\" skips prefix match because of non-special URL scheme"
[15296:23924:0520/142223.463:VERBOSE1:third_party\blink\renderer\core\script\modulator_impl_base.cc:141] "Import Map: \"chrome://new-tab-page/drive_suggestion.mojom-webui.js\" skips prefix match because of non-special URL scheme"
[15296:23924:0520/142223.463:VERBOSE1:third_party\blink\renderer\core\script\modulator_impl_base.cc:141] "Import Map: \"chrome://new-tab-page/microsoft_files.mojom-webui.js\" skips prefix match because of non-special URL scheme"
[15296:23924:0520/142223.463:VERBOSE1:third_party\blink\renderer\core\script\modulator_impl_base.cc:141] "Import Map: \"chrome://new-tab-page/most_relevant_tab_resumption.mojom-webui.js\" skips prefix match because of non-special URL scheme"
[15296:23924:0520/142223.463:VERBOSE1:third_party\blink\renderer\core\script\modulator_impl_base.cc:141] "Import Map: \"chrome://new-tab-page/url_visit_types.mojom-webui.js\" skips prefix match because of non-special URL scheme"
[15296:23924:0520/142223.463:VERBOSE1:third_party\blink\renderer\core\script\modulator_impl_base.cc:141] "Import Map: \"chrome://resources/js/cr.js\" skips prefix match because of non-special URL scheme"
[15296:23924:0520/142223.463:VERBOSE1:third_party\blink\renderer\core\script\modulator_impl_base.cc:141] "Import Map: \"chrome://new-tab-page/tab_group_types.mojom-webui.js\" skips prefix match because of non-special URL scheme"
[15296:23924:0520/142223.463:VERBOSE1:third_party\blink\renderer\core\script\modulator_impl_base.cc:141] "Import Map: \"chrome://new-tab-page/tab_groups.mojom-webui.js\" skips prefix match because of non-special URL scheme"
[15296:23924:0520/142223.463:VERBOSE1:third_party\blink\renderer\core\script\modulator_impl_base.cc:141] "Import Map: \"chrome://new-tab-page/ntp_promo.mojom-webui.js\" skips prefix match because of non-special URL scheme"
[15296:23924:0520/142223.463:VERBOSE1:third_party\blink\renderer\core\script\modulator_impl_base.cc:141] "Import Map: \"chrome://resources/mojo/mojo/public/js/bindings.js\" skips prefix match because of non-special URL scheme"
[15296:23924:0520/142223.463:VERBOSE1:third_party\blink\renderer\core\script\modulator_impl_base.cc:141] "Import Map: \"chrome://resources/mojo/mojo/public/mojom/base/text_direction.mojom-webui.js\" skips prefix match because of non-special URL scheme"
[15296:23924:0520/142223.463:VERBOSE1:third_party\blink\renderer\core\script\modulator_impl_base.cc:141] "Import Map: \"chrome://resources/cr_components/most_visited/most_visited.mojom-webui.js\" skips prefix match because of non-special URL scheme"
[15296:23924:0520/142223.463:VERBOSE1:third_party\blink\renderer\core\script\modulator_impl_base.cc:141] "Import Map: \"chrome://resources/cr_components/page_image_service/page_image_service.mojom-webui.js\" skips prefix match because of non-special URL scheme"
[15296:23924:0520/142223.463:VERBOSE1:third_party\blink\renderer\core\script\modulator_impl_base.cc:141] "Import Map: \"chrome://new-tab-page/action_chips.mojom-webui.js\" skips prefix match because of non-special URL scheme"
[15296:23924:0520/142223.463:VERBOSE1:third_party\blink\renderer\core\script\modulator_impl_base.cc:141] "Import Map: \"chrome://new-tab-page/new_tab_page.mojom-webui.js\" skips prefix match because of non-special URL scheme"
[15296:23924:0520/142223.463:VERBOSE1:third_party\blink\renderer\core\script\modulator_impl_base.cc:141] "Import Map: \"chrome://resources/cr_components/composebox/composebox_query.mojom-webui.js\" skips prefix match because of non-special URL scheme"
[15296:23924:0520/142223.463:VERBOSE1:third_party\blink\renderer\core\script\modulator_impl_base.cc:141] "Import Map: \"chrome://resources/mojo/mojo/public/mojom/base/string16.mojom-webui.js\" skips prefix match because of non-special URL scheme"
[15296:23924:0520/142223.463:VERBOSE1:third_party\blink\renderer\core\script\modulator_impl_base.cc:141] "Import Map: \"chrome://resources/mojo/mojo/public/mojom/base/time.mojom-webui.js\" skips prefix match because of non-special URL scheme"
[15296:23924:0520/142223.463:VERBOSE1:third_party\blink\renderer\core\script\modulator_impl_base.cc:141] "Import Map: \"chrome://resources/mojo/url/mojom/url.mojom-webui.js\" skips prefix match because of non-special URL scheme"
[15296:23924:0520/142223.463:VERBOSE1:third_party\blink\renderer\core\script\modulator_impl_base.cc:141] "Import Map: \"chrome://resources/cr_components/composebox/composebox.mojom-webui.js\" skips prefix match because of non-special URL scheme"
[15296:23924:0520/142223.463:VERBOSE1:third_party\blink\renderer\core\script\modulator_impl_base.cc:141] "Import Map: \"chrome://resources/cr_elements/cr_a11y_announcer/cr_a11y_announcer.css\" skips prefix match because of non-special URL scheme"
[15296:23924:0520/142223.464:VERBOSE1:third_party\blink\renderer\core\script\modulator_impl_base.cc:141] "Import Map: \"chrome://resources/mojo/mojo/public/js/bindings.js\" skips prefix match because of non-special URL scheme"
[15296:23924:0520/142223.464:VERBOSE1:third_party\blink\renderer\core\script\modulator_impl_base.cc:141] "Import Map: \"chrome://resources/mojo/mojo/public/js/bindings.js\" skips prefix match because of non-special URL scheme"
[15296:23924:0520/142223.464:VERBOSE1:third_party\blink\renderer\core\script\modulator_impl_base.cc:141] "Import Map: \"chrome://new-tab-page/calendar_data.mojom-webui.js\" skips prefix match because of non-special URL scheme"
[15296:23924:0520/142223.464:VERBOSE1:third_party\blink\renderer\core\script\modulator_impl_base.cc:141] "Import Map: \"chrome://resources/mojo/mojo/public/js/bindings.js\" skips prefix match because of non-special URL scheme"
[15296:23924:0520/142223.464:VERBOSE1:third_party\blink\renderer\core\script\modulator_impl_base.cc:141] "Import Map: \"chrome://new-tab-page/calendar_data.mojom-webui.js\" skips prefix match because of non-special URL scheme"
[15296:23924:0520/142223.464:VERBOSE1:third_party\blink\renderer\core\script\modulator_impl_base.cc:141] "Import Map: \"chrome://resources/mojo/mojo/public/js/bindings.js\" skips prefix match because of non-special URL scheme"
[15296:23924:0520/142223.464:VERBOSE1:third_party\blink\renderer\core\script\modulator_impl_base.cc:141] "Import Map: \"chrome://resources/mojo/url/mojom/url.mojom-webui.js\" skips prefix match because of non-special URL scheme"
[15296:23924:0520/142223.464:VERBOSE1:third_party\blink\renderer\core\script\modulator_impl_base.cc:141] "Import Map: \"chrome://resources/mojo/mojo/public/js/bindings.js\" skips prefix match because of non-special URL scheme"
[15296:23924:0520/142223.464:VERBOSE1:third_party\blink\renderer\core\script\modulator_impl_base.cc:141] "Import Map: \"chrome://new-tab-page/file_suggestion.mojom-webui.js\" skips prefix match because of non-special URL scheme"
[15296:23924:0520/142223.464:VERBOSE1:third_party\blink\renderer\core\script\modulator_impl_base.cc:141] "Import Map: \"chrome://resources/mojo/mojo/public/js/bindings.js\" skips prefix match because of non-special URL scheme"
[15296:23924:0520/142223.464:VERBOSE1:third_party\blink\renderer\core\script\modulator_impl_base.cc:141] "Import Map: \"chrome://new-tab-page/file_suggestion.mojom-webui.js\" skips prefix match because of non-special URL scheme"
[15296:23924:0520/142223.464:VERBOSE1:third_party\blink\renderer\core\script\modulator_impl_base.cc:141] "Import Map: \"chrome://resources/mojo/mojo/public/js/bindings.js\" skips prefix match because of non-special URL scheme"
[15296:23924:0520/142223.464:VERBOSE1:third_party\blink\renderer\core\script\modulator_impl_base.cc:141] "Import Map: \"chrome://resources/mojo/mojo/public/mojom/base/time.mojom-webui.js\" skips prefix match because of non-special URL scheme"
[15296:23924:0520/142223.464:VERBOSE1:third_party\blink\renderer\core\script\modulator_impl_base.cc:141] "Import Map: \"chrome://resources/mojo/url/mojom/url.mojom-webui.js\" skips prefix match because of non-special URL scheme"
[15296:23924:0520/142223.464:VERBOSE1:third_party\blink\renderer\core\script\modulator_impl_base.cc:141] "Import Map: \"chrome://resources/mojo/mojo/public/js/bindings.js\" skips prefix match because of non-special URL scheme"
[15296:23924:0520/142223.464:VERBOSE1:third_party\blink\renderer\core\script\modulator_impl_base.cc:141] "Import Map: \"chrome://resources/mojo/mojo/public/js/bindings.js\" skips prefix match because of non-special URL scheme"
[15296:23924:0520/142223.464:VERBOSE1:third_party\blink\renderer\core\script\modulator_impl_base.cc:141] "Import Map: \"chrome://new-tab-page/url_visit_types.mojom-webui.js\" skips prefix match because of non-special URL scheme"
[15296:23924:0520/142223.464:VERBOSE1:third_party\blink\renderer\core\script\modulator_impl_base.cc:141] "Import Map: \"chrome://resources/mojo/mojo/public/js/bindings.js\" skips prefix match because of non-special URL scheme"
[15296:23924:0520/142223.464:VERBOSE1:third_party\blink\renderer\core\script\modulator_impl_base.cc:141] "Import Map: \"chrome://resources/mojo/url/mojom/url.mojom-webui.js\" skips prefix match because of non-special URL scheme"
[15296:23924:0520/142223.464:VERBOSE1:third_party\blink\renderer\core\script\modulator_impl_base.cc:141] "Import Map: \"chrome://resources/mojo/mojo/public/js/bindings.js\" skips prefix match because of non-special URL scheme"
[15296:23924:0520/142223.464:VERBOSE1:third_party\blink\renderer\core\script\modulator_impl_base.cc:141] "Import Map: \"chrome://new-tab-page/tab_group_types.mojom-webui.js\" skips prefix match because of non-special URL scheme"
[15296:23924:0520/142223.464:VERBOSE1:third_party\blink\renderer\core\script\modulator_impl_base.cc:141] "Import Map: \"chrome://resources/mojo/url/mojom/url.mojom-webui.js\" skips prefix match because of non-special URL scheme"
[15296:23924:0520/142223.469:VERBOSE1:third_party\blink\renderer\core\script\modulator_impl_base.cc:141] "Import Map: \"chrome://resources/mojo/mojo/public/js/bindings.js\" skips prefix match because of non-special URL scheme"
[15296:23924:0520/142223.469:VERBOSE1:third_party\blink\renderer\core\script\modulator_impl_base.cc:141] "Import Map: \"chrome://resources/mojo/mojo/public/mojom/base/time.mojom-webui.js\" skips prefix match because of non-special URL scheme"
[15296:23924:0520/142223.469:VERBOSE1:third_party\blink\renderer\core\script\modulator_impl_base.cc:141] "Import Map: \"chrome://resources/mojo/url/mojom/url.mojom-webui.js\" skips prefix match because of non-special URL scheme"
[11272:8088:0520/142223.469:VERBOSE1:net\base\network_delegate.cc:38] NetworkDelegate::NotifyBeforeURLRequest: https://www.google.com/async/newtab_promos
[11272:8088:0520/142223.469:VERBOSE1:net\third_party\quiche\src\quiche\quic\core\tls_handshaker.cc:109] TlsClient: Continuing handshake
[11272:8088:0520/142223.472:VERBOSE1:net\third_party\quiche\src\quiche\quic\core\tls_handshaker.cc:130] TlsClient: SSL_do_handshake returned when entering early data. After retry, rv=-1, SSL_in_early_data=1
[11272:8088:0520/142223.477:VERBOSE1:net\third_party\quiche\src\quiche\quic\core\tls_handshaker.cc:109] TlsClient: Continuing handshake
[11272:8088:0520/142223.477:VERBOSE1:net\third_party\quiche\src\quiche\quic\core\tls_handshaker.cc:109] TlsClient: Continuing handshake
[18400:13184:0520/142223.485:INFO:third_party\webrtc\rtc_base\cpu_info.cc:77] Available number of cores: 12
[11272:8088:0520/142223.493:VERBOSE1:net\third_party\quiche\src\quiche\quic\core\tls_handshaker.cc:109] TlsClient: Continuing handshake
[11272:8088:0520/142223.493:VERBOSE1:net\third_party\quiche\src\quiche\quic\core\tls_handshaker.cc:109] TlsClient: Continuing handshake
[19992:1092:0520/142223.542:VERBOSE1:components\signin\core\browser\account_reconcilor.cc:559] AccountReconcilor::OnAccountsInCookieUpdated: CookieJar 0 accounts, Reconcilor's state is 1, Error was 
[19992:1092:0520/142223.542:VERBOSE1:components\signin\core\browser\account_reconcilor.cc:653] AccountReconcilor::LoadValidAccountsFromTokenService: Chrome 0 accounts
[19992:1092:0520/142223.542:VERBOSE1:components\signin\core\browser\account_reconcilor.cc:783] AccountReconcilor::CalculateIfMultiloginReconcileIsDone: Error was 
[19992:1092:0520/142223.542:VERBOSE1:components\signin\core\browser\account_reconcilor.cc:689] AccountReconcilor::StartReconcileIfChromeAccountsChanged
[19992:1092:0520/142223.542:VERBOSE1:components\signin\core\browser\account_reconcilor.cc:559] AccountReconcilor::OnAccountsInCookieUpdated: CookieJar 0 accounts, Reconcilor's state is 1, Error was 
[19992:1092:0520/142223.542:VERBOSE1:components\signin\core\browser\account_reconcilor.cc:653] AccountReconcilor::LoadValidAccountsFromTokenService: Chrome 0 accounts
[19992:1092:0520/142223.542:VERBOSE1:components\signin\core\browser\account_reconcilor.cc:783] AccountReconcilor::CalculateIfMultiloginReconcileIsDone: Error was 
[19992:1092:0520/142223.542:VERBOSE1:components\signin\core\browser\account_reconcilor.cc:689] AccountReconcilor::StartReconcileIfChromeAccountsChanged
[11272:8088:0520/142223.542:VERBOSE1:components\domain_reliability\scheduler.cc:184] Scheduling upload for between 60 and 300 seconds from now.
[19992:1092:0520/142223.555:VERBOSE1:components\segmentation_platform\internal\selection\segment_result_provider.cc:136] GetSegmentResult: segment=OPTIMIZATION_TARGET_SEGMENTATION_DEVICE_SWITCHER ignoring DB score, executing model.
[19992:1092:0520/142223.555:VERBOSE1:components\segmentation_platform\internal\selection\segment_result_provider.cc:277] ExecuteModelAndGetScore: segment=OPTIMIZATION_TARGET_SEGMENTATION_DEVICE_SWITCHER server segment info not available
[19992:1092:0520/142223.555:VERBOSE1:components\segmentation_platform\internal\selection\segment_result_provider.cc:210] OnGotModelScore: segment=OPTIMIZATION_TARGET_SEGMENTATION_DEVICE_SWITCHER failed to get database model score, trying default model.
[27484:2348:0520/142223.612:VERBOSE1:extensions\renderer\script_context.cc:150] Created context:
  extension id:           (none)
  frame:                  0x659c02031170
  URL:                    
  context_type:           WEBUI_UNTRUSTED
  effective extension id: (none)
  effective context type: WEBUI_UNTRUSTED
[27484:2348:0520/142223.612:VERBOSE1:extensions\renderer\script_context.cc:150] Created context:
  extension id:           (none)
  frame:                  (nil)
  URL:                    
  context_type:           UNSPECIFIED
  effective extension id: (none)
  effective context type: UNSPECIFIED
[27484:2348:0520/142223.612:VERBOSE1:extensions\renderer\dispatcher.cc:493] Num tracked contexts: 1
[11272:8088:0520/142223.638:VERBOSE1:net\base\network_delegate.cc:38] NetworkDelegate::NotifyBeforeURLRequest: https://www.gstatic.com/og/_/js/k=og.qtm.en_US.mfyq1S2BC5A.2019.O/rt=j/m=q_d,qmd,qcwid,qapid,qald,qads/exm=qaaw,qabr,qadd,qaid,qalo,qebr,qein,qhaw,qhawgm3,qhba,qhbr,qhbrgm3,qhch,qhchgm3,qhga,qhid,qhidgm3,qhin,qhlo,qhlogm3,qhmn,qhpc,qhsf,qhsfgm3,qhtt/d=1/ed=1/rs=AA2YrTv66LIrQJd_jAfEq6N1_E8bg2ZrYQ
[11272:8088:0520/142223.638:VERBOSE1:net\base\network_delegate.cc:38] NetworkDelegate::NotifyBeforeURLRequest: https://www.gstatic.com/og/_/ss/k=og.qtm.eNLEKEfGSYk.L.W.O/m=qmd,qcwid,d_b_gm3,d_wi_gm3,d_lo_gm3/excm=qaaw,qabr,qadd,qaid,qalo,qebr,qein,qhaw,qhawgm3,qhba,qhbr,qhbrgm3,qhch,qhchgm3,qhga,qhid,qhidgm3,qhin,qhlo,qhlogm3,qhmn,qhpc,qhsf,qhsfgm3,qhtt/d=1/ed=1/ct=zgms/rs=AA2YrTuSJl6K-IjbHQBfPIj8ToPEnXontw
[27484:2348:0520/142223.646:VERBOSE1:third_party\blink\renderer\core\script\modulator_impl_base.cc:141] "Import Map: \"chrome-untrusted://new-tab-page/one_google_bar_api.js\" skips prefix match because of non-special URL scheme"
[11272:8088:0520/142223.652:VERBOSE1:net\base\network_delegate.cc:38] NetworkDelegate::NotifyBeforeURLRequest: https://www.gstatic.com/images/branding/googlelogo/svg/googlelogo_surface_dark_74x24px.svg
[19992:1092:0520/142223.669:VERBOSE1:components\signin\internal\identity_manager\mutable_profile_oauth2_token_service_delegate.cc:443] MutablePO2TS::RefreshTokenIsAvailable
[11272:8088:0520/142223.669:VERBOSE1:net\base\network_delegate.cc:38] NetworkDelegate::NotifyBeforeURLRequest: https://ogs.google.com/widget/callout?prid=19055442&pgid=19055427&puid=17948c78d9743529&eom=1&dc=1&ssc=1&origin=chrome-untrusted%3A%2F%2Fnew-tab-page&origin=chrome%3A%2F%2Fnew-tab-page&cn=callout&pid=1&spid=243&hl=en-GB
[11272:8088:0520/142223.671:VERBOSE1:net\base\network_delegate.cc:38] NetworkDelegate::NotifyBeforeURLRequest: https://ogads-pa.clients6.google.com/$rpc/google.internal.onegoogle.asyncdata.v1.AsyncDataService/GetAsyncData
[11272:8088:0520/142223.694:VERBOSE1:net\base\network_delegate.cc:38] NetworkDelegate::NotifyBeforeURLRequest: https://clients2.googleusercontent.com/crx/blobs/AXJDbcA7-qvp7x7j_5QmmktTZ2YyNd3kU7eWGoNes-yTz0zj4fWyFlD-Vi_ngMpHdm_8woSV0_ojLaO96xzeFfVgoJD022kEWu-_knETVT9QF_3w4dY4DKgd6rElhsRelgcAxlKa5d02n9hxYZBm9sgkym3onVcyGxJJ/GHBMNNJOOEKPMOECNNNILNNBDLOLHKHI_1_106_1_0.crx
[24736:8272:0520/142223.694:INFO:third_party\webrtc\rtc_base\cpu_info.cc:77] Available number of cores: 12
[19992:1092:0520/142224.053:VERBOSE1:chrome\browser\profiles\profile_manager.cc:1408] AddKeepAlive(Default, kExtensionUpdater). keep_alives=[kBrowserWindow (1), kExtensionUpdater (2), kRemoteDebugging (1)]
[11272:8088:0520/142224.053:VERBOSE1:net\base\network_delegate.cc:38] NetworkDelegate::NotifyBeforeURLRequest: http://redirector.gvt1.com/edgedl/chromewebstore/L2Nocm9tZV9leHRlbnNpb24vYmxvYnMvNzI0QUFXNV9zT2RvdUwyMERESEZGVmJnQQ/1.0.0.6_nmmhkkegccagdldgiimedpiccmgmieda.crx
[11272:8088:0520/142224.128:VERBOSE1:net\base\network_delegate.cc:38] NetworkDelegate::NotifyBeforeURLRequest: https://ogads-pa.clients6.google.com/$rpc/google.internal.onegoogle.asyncdata.v1.AsyncDataService/GetAsyncData
[11272:8088:0520/142224.128:VERBOSE1:net\third_party\quiche\src\quiche\quic\core\tls_handshaker.cc:109] TlsClient: Continuing handshake
[11272:8088:0520/142224.239:VERBOSE1:net\base\network_delegate.cc:38] NetworkDelegate::NotifyBeforeURLRequest: http://r2---sn-jugan-itqk.gvt1.com/edgedl/chromewebstore/L2Nocm9tZV9leHRlbnNpb24vYmxvYnMvNzI0QUFXNV9zT2RvdUwyMERESEZGVmJnQQ/1.0.0.6_nmmhkkegccagdldgiimedpiccmgmieda.crx?cms_redirect=yes&met=1779267144,&mh=e_&mip=103.161.31.5&mm=28&mn=sn-jugan-itqk&ms=nvh&mt=1779266659&mv=m&mvi=2&pl=24&rmhost=r4---sn-jugan-itqk.gvt1.com&rms=nvh,nvh&shardbypass=sd&smhost=r3---sn-jugan-itqr.gvt1.com
[11272:8088:0520/142224.260:VERBOSE1:net\third_party\quiche\src\quiche\quic\core\tls_handshaker.cc:109] TlsClient: Continuing handshake
[11272:8088:0520/142224.260:VERBOSE1:net\third_party\quiche\src\quiche\quic\core\tls_handshaker.cc:109] TlsClient: Continuing handshake
[11272:8088:0520/142224.260:VERBOSE1:net\third_party\quiche\src\quiche\quic\core\tls_handshaker.cc:109] TlsClient: Continuing handshake
[11272:8088:0520/142224.260:VERBOSE1:net\third_party\quiche\src\quiche\quic\core\tls_handshaker.cc:109] TlsClient: Continuing handshake
[11272:8088:0520/142224.260:VERBOSE1:net\third_party\quiche\src\quiche\quic\core\tls_handshaker.cc:109] TlsClient: Continuing handshake
[11272:8088:0520/142224.314:VERBOSE1:net\third_party\quiche\src\quiche\quic\core\tls_handshaker.cc:109] TlsClient: Continuing handshake
[11272:8088:0520/142224.314:VERBOSE1:net\third_party\quiche\src\quiche\quic\core\tls_handshaker.cc:109] TlsClient: Continuing handshake
[11272:8088:0520/142224.314:VERBOSE1:net\third_party\quiche\src\quiche\quic\core\tls_handshaker.cc:109] TlsClient: Continuing handshake
[19992:1092:0520/142224.331:VERBOSE1:chrome\browser\profiles\profile_manager.cc:1408] AddKeepAlive(Default, kExtensionUpdater). keep_alives=[kBrowserWindow (1), kExtensionUpdater (3), kRemoteDebugging (1)]
[11272:8088:0520/142224.675:VERBOSE1:net\base\network_delegate.cc:38] NetworkDelegate::NotifyBeforeURLRequest: https://play.google.com/log?format=json&hasfast=true
[18400:13184:0520/142224.687:VERBOSE1:extensions\renderer\script_context.cc:150] Created context:
  extension id:           (none)
  frame:                  0x4964020315c8
  URL:                    
  context_type:           WEB_PAGE
  effective extension id: (none)
  effective context type: WEB_PAGE
[18400:13184:0520/142224.692:VERBOSE1:extensions\renderer\script_context.cc:150] Created context:
  extension id:           (none)
  frame:                  (nil)
  URL:                    
  context_type:           UNSPECIFIED
  effective extension id: (none)
  effective context type: UNSPECIFIED
[11272:8088:0520/142224.692:VERBOSE1:net\third_party\quiche\src\quiche\quic\core\tls_handshaker.cc:109] TlsClient: Continuing handshake
[18400:13184:0520/142224.692:VERBOSE1:extensions\renderer\dispatcher.cc:493] Num tracked contexts: 1
[11272:8088:0520/142224.694:VERBOSE1:net\third_party\quiche\src\quiche\quic\core\tls_handshaker.cc:109] TlsClient: Continuing handshake
[11272:8088:0520/142224.694:VERBOSE1:net\third_party\quiche\src\quiche\quic\core\tls_handshaker.cc:130] TlsClient: SSL_do_handshake returned when entering early data. After retry, rv=-1, SSL_in_early_data=1
[11272:8088:0520/142224.697:VERBOSE1:net\base\network_delegate.cc:38] NetworkDelegate::NotifyBeforeURLRequest: https://www.gstatic.com/_/mss/boq-one-google/_/js/k=boq-one-google.OneGoogleWidgetUi.en_GB.AFxY-Vk4kEY.es5.O/am=AAAAQAAAAABmAw/d=1/excm=_b,_tp,calloutview/ed=1/dg=0/wt=2/ujg=1/rs=AM-SdHt4dDiTzkvgJGmXmO6k-bIgNf3G3Q/dti=1/m=_b,_tp
[11272:8088:0520/142224.697:VERBOSE1:net\base\network_delegate.cc:38] NetworkDelegate::NotifyBeforeURLRequest: https://www.google.com/images/hpp/Chrome_Owned_96x96.png
[11272:8088:0520/142224.712:VERBOSE1:net\third_party\quiche\src\quiche\quic\core\tls_handshaker.cc:109] TlsClient: Continuing handshake
[11272:8088:0520/142224.712:VERBOSE1:net\third_party\quiche\src\quiche\quic\core\tls_handshaker.cc:109] TlsClient: Continuing handshake
[11272:8088:0520/142224.712:VERBOSE1:net\base\network_delegate.cc:38] NetworkDelegate::NotifyBeforeURLRequest: https://fonts.gstatic.com/s/googlesans/v62/4UaRrENHsxJlGDuGo1OIlJfC6l_24rlCK1Yo_Iq2vgCI.woff2
[11272:8088:0520/142224.712:VERBOSE1:net\base\network_delegate.cc:38] NetworkDelegate::NotifyBeforeURLRequest: https://fonts.gstatic.com/s/roboto/v18/KFOmCnqEu92Fr1Mu4mxK.woff2
[11272:8088:0520/142224.803:VERBOSE1:net\base\network_delegate.cc:38] NetworkDelegate::NotifyBeforeURLRequest: https://www.gstatic.com/_/mss/boq-one-google/_/js/k=boq-one-google.OneGoogleWidgetUi.en_GB.AFxY-Vk4kEY.es5.O/ck=boq-one-google.OneGoogleWidgetUi.cyqRj8kNob0.L.B1.O/am=AAAAQAAAAABmAw/d=1/exm=_b,_tp/excm=_b,_tp,calloutview/ed=1/wt=2/ujg=1/rs=AM-SdHst7zgbIt9ZyFTQfVhvuQFSq2Zgpw/ee=EVNhjf:pw70Gc;EmZ2Bf:zr1jrb;JsbNhc:Xd8iUd;K5nYTd:ZDZcre;LBgRLc:SdcwHb;Me32dd:MEeYgc;NJ1rfe:qTnoBf;NPKaK:SdcwHb;NSEoX:lazG7b;Pjplud:EEDORb;QGR0gd:Mlhmy;SNUn3:ZwDk9d;ScI3Yc:e7Hzgb;Uvc8o:VDovNc;YIZmRd:A1yn5d;a56pNe:JEfCwb;cEt90b:ws9Tlc;dIoSBb:SpsfSb;dowIGb:ebZ3mb;eBAeSb:zbML3c;iFQyKf:QIhFr;lOO0Vd:OTA3Ae;oGtAuc:sOXFj;pXdRYb:MdUzUe;qQEoOc:KUM7Z;qafBPd:yDVVkb;qddgKe:xQtZb;wR5FRb:O1Gjze;xqZiqf:wmnU7d;yxTchf:KUM7Z;zxnPse:GkRiKb/dti=1/m=ws9Tlc,O6y8ed,aW3pY,GkRiKb,e5qFLc,IZT63,YYmHzb,pw70Gc,n73qwf,UUJqVe,KUM7Z,O1Gjze,byfTOb,lsjVmc,xUdipf,ZDZcre,OTA3Ae,ZwDk9d,RyvaUb,mI3LFb,yYB61,PrPYRd,MpJwZc,LEikZe,NwH0H,V3dDOb,lazG7b,XVMNvd,QIhFr,xQtZb,lwddkf,gychg,w9hDv,RMhBfe,SdcwHb,EFQ78c,Ulmmrd,A7fCU,mdR7q,wmnU7d,hc6Ubd,JNoxi,MI6k7c,kjKdXe,BVgquf,SpsfSb,hKSk3e,Z5uLle,MdUzUe,zbML3c,zr1jrb,Uas9Hd,pjICDe
[11272:8088:0520/142224.812:VERBOSE1:net\base\network_delegate.cc:38] NetworkDelegate::NotifyBeforeURLRequest: https://www.gstatic.com/_/mss/boq-one-google/_/js/k=boq-one-google.OneGoogleWidgetUi.en_GB.AFxY-Vk4kEY.es5.O/ck=boq-one-google.OneGoogleWidgetUi.cyqRj8kNob0.L.B1.O/am=AAAAQAAAAABmAw/d=1/exm=A7fCU,BVgquf,EFQ78c,GkRiKb,IZT63,JNoxi,KUM7Z,LEikZe,MI6k7c,MdUzUe,MpJwZc,NwH0H,O1Gjze,O6y8ed,OTA3Ae,PrPYRd,QIhFr,RMhBfe,RyvaUb,SdcwHb,SpsfSb,UUJqVe,Uas9Hd,Ulmmrd,V3dDOb,XVMNvd,YYmHzb,Z5uLle,ZDZcre,ZwDk9d,_b,_tp,aW3pY,byfTOb,e5qFLc,gychg,hKSk3e,hc6Ubd,kjKdXe,lazG7b,lsjVmc,lwddkf,mI3LFb,mdR7q,n73qwf,pjICDe,pw70Gc,w9hDv,wmnU7d,ws9Tlc,xQtZb,xUdipf,yYB61,zbML3c,zr1jrb/excm=_b,_tp,calloutview/ed=1/wt=2/ujg=1/rs=AM-SdHst7zgbIt9ZyFTQfVhvuQFSq2Zgpw/ee=EVNhjf:pw70Gc;EmZ2Bf:zr1jrb;JsbNhc:Xd8iUd;K5nYTd:ZDZcre;LBgRLc:SdcwHb;Me32dd:MEeYgc;NJ1rfe:qTnoBf;NPKaK:SdcwHb;NSEoX:lazG7b;Pjplud:EEDORb;QGR0gd:Mlhmy;SNUn3:ZwDk9d;ScI3Yc:e7Hzgb;Uvc8o:VDovNc;YIZmRd:A1yn5d;a56pNe:JEfCwb;cEt90b:ws9Tlc;dIoSBb:SpsfSb;dowIGb:ebZ3mb;eBAeSb:zbML3c;iFQyKf:QIhFr;lOO0Vd:OTA3Ae;oGtAuc:sOXFj;pXdRYb:MdUzUe;qQEoOc:KUM7Z;qafBPd:yDVVkb;qddgKe:xQtZb;wR5FRb:O1Gjze;xqZiqf:wmnU7d;yxTchf:KUM7Z;zxnPse:GkRiKb/dti=1/m=Wt6vjf,hhhU8,FCpbqb,WhJNk
[11272:8088:0520/142224.860:VERBOSE1:net\base\network_delegate.cc:38] NetworkDelegate::NotifyBeforeURLRequest: https://www.gstatic.com/_/mss/boq-one-google/_/js/k=boq-one-google.OneGoogleWidgetUi.en_GB.AFxY-Vk4kEY.es5.O/ck=boq-one-google.OneGoogleWidgetUi.cyqRj8kNob0.L.B1.O/am=AAAAQAAAAABmAw/d=1/exm=A7fCU,BVgquf,EFQ78c,FCpbqb,GkRiKb,IZT63,JNoxi,KUM7Z,LEikZe,MI6k7c,MdUzUe,MpJwZc,NwH0H,O1Gjze,O6y8ed,OTA3Ae,PrPYRd,QIhFr,RMhBfe,RyvaUb,SdcwHb,SpsfSb,UUJqVe,Uas9Hd,Ulmmrd,V3dDOb,WhJNk,Wt6vjf,XVMNvd,YYmHzb,Z5uLle,ZDZcre,ZwDk9d,_b,_tp,aW3pY,byfTOb,e5qFLc,gychg,hKSk3e,hc6Ubd,hhhU8,kjKdXe,lazG7b,lsjVmc,lwddkf,mI3LFb,mdR7q,n73qwf,pjICDe,pw70Gc,w9hDv,wmnU7d,ws9Tlc,xQtZb,xUdipf,yYB61,zbML3c,zr1jrb/excm=_b,_tp,calloutview/ed=1/wt=2/ujg=1/rs=AM-SdHst7zgbIt9ZyFTQfVhvuQFSq2Zgpw/ee=EVNhjf:pw70Gc;EmZ2Bf:zr1jrb;JsbNhc:Xd8iUd;K5nYTd:ZDZcre;LBgRLc:SdcwHb;Me32dd:MEeYgc;NJ1rfe:qTnoBf;NPKaK:SdcwHb;NSEoX:lazG7b;Pjplud:EEDORb;QGR0gd:Mlhmy;SNUn3:ZwDk9d;ScI3Yc:e7Hzgb;Uvc8o:VDovNc;YIZmRd:A1yn5d;a56pNe:JEfCwb;cEt90b:ws9Tlc;dIoSBb:SpsfSb;dowIGb:ebZ3mb;eBAeSb:zbML3c;iFQyKf:QIhFr;lOO0Vd:OTA3Ae;oGtAuc:sOXFj;pXdRYb:MdUzUe;qQEoOc:KUM7Z;qafBPd:yDVVkb;qddgKe:xQtZb;wR5FRb:O1Gjze;xqZiqf:wmnU7d;yxTchf:KUM7Z;zxnPse:GkRiKb/dti=1/m=p3hmRc,LvGhrf,RqjULd
[11272:8088:0520/142224.869:VERBOSE1:net\base\network_delegate.cc:38] NetworkDelegate::NotifyBeforeURLRequest: https://play.google.com/log?format=json&hasfast=true
[11272:8088:0520/142224.869:VERBOSE1:net\third_party\quiche\src\quiche\quic\core\tls_handshaker.cc:109] TlsClient: Continuing handshake
[11272:8088:0520/142224.899:VERBOSE1:net\third_party\quiche\src\quiche\quic\core\tls_handshaker.cc:109] TlsClient: Continuing handshake
[11272:8088:0520/142224.899:VERBOSE1:net\third_party\quiche\src\quiche\quic\core\tls_handshaker.cc:109] TlsClient: Continuing handshake
[11272:8088:0520/142224.899:VERBOSE1:net\third_party\quiche\src\quiche\quic\core\tls_handshaker.cc:109] TlsClient: Continuing handshake
[11272:8088:0520/142224.899:VERBOSE1:net\third_party\quiche\src\quiche\quic\core\tls_handshaker.cc:109] TlsClient: Continuing handshake
[11272:8088:0520/142224.899:VERBOSE1:net\third_party\quiche\src\quiche\quic\core\tls_handshaker.cc:109] TlsClient: Continuing handshake
[11272:8088:0520/142224.918:VERBOSE1:net\third_party\quiche\src\quiche\quic\core\tls_handshaker.cc:109] TlsClient: Continuing handshake
[11272:8088:0520/142224.918:VERBOSE1:net\third_party\quiche\src\quiche\quic\core\tls_handshaker.cc:109] TlsClient: Continuing handshake
[11272:8088:0520/142224.933:VERBOSE1:net\base\network_delegate.cc:38] NetworkDelegate::NotifyBeforeURLRequest: https://www.gstatic.com/_/mss/boq-one-google/_/js/k=boq-one-google.OneGoogleWidgetUi.en_GB.AFxY-Vk4kEY.es5.O/ck=boq-one-google.OneGoogleWidgetUi.cyqRj8kNob0.L.B1.O/am=AAAAQAAAAABmAw/d=1/exm=A7fCU,BVgquf,EFQ78c,FCpbqb,GkRiKb,IZT63,JNoxi,KUM7Z,LEikZe,LvGhrf,MI6k7c,MdUzUe,MpJwZc,NwH0H,O1Gjze,O6y8ed,OTA3Ae,PrPYRd,QIhFr,RMhBfe,RqjULd,RyvaUb,SdcwHb,SpsfSb,UUJqVe,Uas9Hd,Ulmmrd,V3dDOb,WhJNk,Wt6vjf,XVMNvd,YYmHzb,Z5uLle,ZDZcre,ZwDk9d,_b,_tp,aW3pY,byfTOb,e5qFLc,gychg,hKSk3e,hc6Ubd,hhhU8,kjKdXe,lazG7b,lsjVmc,lwddkf,mI3LFb,mdR7q,n73qwf,p3hmRc,pjICDe,pw70Gc,w9hDv,wmnU7d,ws9Tlc,xQtZb,xUdipf,yYB61,zbML3c,zr1jrb/excm=_b,_tp,calloutview/ed=1/wt=2/ujg=1/rs=AM-SdHst7zgbIt9ZyFTQfVhvuQFSq2Zgpw/ee=EVNhjf:pw70Gc;EmZ2Bf:zr1jrb;JsbNhc:Xd8iUd;K5nYTd:ZDZcre;LBgRLc:SdcwHb;Me32dd:MEeYgc;NJ1rfe:qTnoBf;NPKaK:SdcwHb;NSEoX:lazG7b;Pjplud:EEDORb;QGR0gd:Mlhmy;SNUn3:ZwDk9d;ScI3Yc:e7Hzgb;Uvc8o:VDovNc;YIZmRd:A1yn5d;a56pNe:JEfCwb;cEt90b:ws9Tlc;dIoSBb:SpsfSb;dowIGb:ebZ3mb;eBAeSb:zbML3c;iFQyKf:QIhFr;lOO0Vd:OTA3Ae;oGtAuc:sOXFj;pXdRYb:MdUzUe;qQEoOc:KUM7Z;qafBPd:yDVVkb;qddgKe:xQtZb;wR5FRb:O1Gjze;xqZiqf:wmnU7d;yxTchf:KUM7Z;zxnPse:GkRiKb/dti=1/m=P6sQOc
[11272:8088:0520/142224.933:VERBOSE1:net\third_party\quiche\src\quiche\quic\core\tls_handshaker.cc:109] TlsClient: Continuing handshake
[11272:8088:0520/142224.942:VERBOSE1:net\base\network_delegate.cc:38] NetworkDelegate::NotifyBeforeURLRequest: https://play.google.com/log?format=json&hasfast=true&authuser=0
[11272:8088:0520/142224.942:VERBOSE1:net\third_party\quiche\src\quiche\quic\core\tls_handshaker.cc:109] TlsClient: Continuing handshake
[11272:8088:0520/142224.942:VERBOSE1:net\third_party\quiche\src\quiche\quic\core\tls_handshaker.cc:130] TlsClient: SSL_do_handshake returned when entering early data. After retry, rv=-1, SSL_in_early_data=1
[11272:8088:0520/142224.952:VERBOSE1:net\third_party\quiche\src\quiche\quic\core\tls_handshaker.cc:109] TlsClient: Continuing handshake
[11272:8088:0520/142224.953:VERBOSE1:net\third_party\quiche\src\quiche\quic\core\tls_handshaker.cc:109] TlsClient: Continuing handshake
[11272:8088:0520/142224.953:VERBOSE1:net\third_party\quiche\src\quiche\quic\core\tls_handshaker.cc:109] TlsClient: Continuing handshake
[11272:8088:0520/142224.953:VERBOSE1:net\third_party\quiche\src\quiche\quic\core\tls_handshaker.cc:109] TlsClient: Continuing handshake
[11272:8088:0520/142224.953:VERBOSE1:net\third_party\quiche\src\quiche\quic\core\tls_handshaker.cc:109] TlsClient: Continuing handshake
[11272:8088:0520/142224.959:VERBOSE1:net\third_party\quiche\src\quiche\quic\core\tls_handshaker.cc:109] TlsClient: Continuing handshake
[11272:8088:0520/142224.959:VERBOSE1:net\third_party\quiche\src\quiche\quic\core\tls_handshaker.cc:109] TlsClient: Continuing handshake
[11272:8088:0520/142224.969:VERBOSE1:net\third_party\quiche\src\quiche\quic\core\tls_handshaker.cc:109] TlsClient: Continuing handshake
[11272:8088:0520/142225.070:VERBOSE1:services\network\url_loader.cc:1338] Will sniff content for mime type: https://play.google.com/log?format=json&hasfast=true
[11272:8088:0520/142225.070:VERBOSE1:net\base\network_delegate.cc:38] NetworkDelegate::NotifyBeforeURLRequest: https://play.google.com/log?format=json&hasfast=true&authuser=0
[19992:1092:0520/142225.453:VERBOSE1:chrome\browser\web_applications\locks\partitioned_lock_manager.cc:262] Acquiring <PartitionedLockId>{id: 0x31, partition: 0} for RunDiagnostics@chrome\browser\ui\web_applications\diagnostics\web_app_icon_health_checks.cc:64
[19992:1092:0520/142225.453:VERBOSE1:chrome\browser\web_applications\locks\partitioned_lock_manager.cc:262] Acquiring <PartitionedLockId>{id: 0x61676862696168627061696a69676e6365696465706f6f6b6c6a65626866616b, partition: 1} for RunDiagnostics@chrome\browser\ui\web_applications\diagnostics\web_app_icon_health_checks.cc:64
[19992:1092:0520/142225.453:VERBOSE1:chrome\browser\web_applications\locks\partitioned_lock_manager.cc:243] All locks acquired for RunDiagnostics@chrome\browser\ui\web_applications\diagnostics\web_app_icon_health_checks.cc:64
[19992:1092:0520/142225.453:VERBOSE1:chrome\browser\web_applications\locks\partitioned_lock_manager.cc:262] Acquiring <PartitionedLockId>{id: 0x31, partition: 0} for RunDiagnostics@chrome\browser\ui\web_applications\diagnostics\web_app_icon_health_checks.cc:64
[19992:1092:0520/142225.453:VERBOSE1:chrome\browser\web_applications\locks\partitioned_lock_manager.cc:262] Acquiring <PartitionedLockId>{id: 0x6167696d6e6b696a636161686e6763646d6665616e67616b6e6d6c646f6f6d6c, partition: 1} for RunDiagnostics@chrome\browser\ui\web_applications\diagnostics\web_app_icon_health_checks.cc:64
[19992:1092:0520/142225.453:VERBOSE1:chrome\browser\web_applications\locks\partitioned_lock_manager.cc:243] All locks acquired for RunDiagnostics@chrome\browser\ui\web_applications\diagnostics\web_app_icon_health_checks.cc:64
[19992:1092:0520/142225.453:VERBOSE1:chrome\browser\web_applications\locks\partitioned_lock_manager.cc:262] Acquiring <PartitionedLockId>{id: 0x31, partition: 0} for RunDiagnostics@chrome\browser\ui\web_applications\diagnostics\web_app_icon_health_checks.cc:64
[19992:1092:0520/142225.453:VERBOSE1:chrome\browser\web_applications\locks\partitioned_lock_manager.cc:262] Acquiring <PartitionedLockId>{id: 0x6668696870696f6a6b626d6270646a656f616a61706d676b686c6e616b666a66, partition: 1} for RunDiagnostics@chrome\browser\ui\web_applications\diagnostics\web_app_icon_health_checks.cc:64
[19992:1092:0520/142225.453:VERBOSE1:chrome\browser\web_applications\locks\partitioned_lock_manager.cc:243] All locks acquired for RunDiagnostics@chrome\browser\ui\web_applications\diagnostics\web_app_icon_health_checks.cc:64
[19992:1092:0520/142225.453:VERBOSE1:chrome\browser\web_applications\locks\partitioned_lock_manager.cc:262] Acquiring <PartitionedLockId>{id: 0x31, partition: 0} for RunDiagnostics@chrome\browser\ui\web_applications\diagnostics\web_app_icon_health_checks.cc:64
[19992:1092:0520/142225.453:VERBOSE1:chrome\browser\web_applications\locks\partitioned_lock_manager.cc:262] Acquiring <PartitionedLockId>{id: 0x666d676a6a6d6d6d6c666e6b6270706e636162666b6464626a696d63666e636d, partition: 1} for RunDiagnostics@chrome\browser\ui\web_applications\diagnostics\web_app_icon_health_checks.cc:64
[19992:1092:0520/142225.453:VERBOSE1:chrome\browser\web_applications\locks\partitioned_lock_manager.cc:243] All locks acquired for RunDiagnostics@chrome\browser\ui\web_applications\diagnostics\web_app_icon_health_checks.cc:64
[19992:1092:0520/142225.453:VERBOSE1:chrome\browser\web_applications\locks\partitioned_lock_manager.cc:262] Acquiring <PartitionedLockId>{id: 0x31, partition: 0} for RunDiagnostics@chrome\browser\ui\web_applications\diagnostics\web_app_icon_health_checks.cc:64
[19992:1092:0520/142225.453:VERBOSE1:chrome\browser\web_applications\locks\partitioned_lock_manager.cc:262] Acquiring <PartitionedLockId>{id: 0x6b65666a6c65646f6e6b6c696a6f706d6e6f6d6c6362706c6c63686169626167, partition: 1} for RunDiagnostics@chrome\browser\ui\web_applications\diagnostics\web_app_icon_health_checks.cc:64
[19992:1092:0520/142225.453:VERBOSE1:chrome\browser\web_applications\locks\partitioned_lock_manager.cc:243] All locks acquired for RunDiagnostics@chrome\browser\ui\web_applications\diagnostics\web_app_icon_health_checks.cc:64
[19992:1092:0520/142225.453:VERBOSE1:chrome\browser\web_applications\locks\partitioned_lock_manager.cc:262] Acquiring <PartitionedLockId>{id: 0x31, partition: 0} for RunDiagnostics@chrome\browser\ui\web_applications\diagnostics\web_app_icon_health_checks.cc:64
[19992:1092:0520/142225.453:VERBOSE1:chrome\browser\web_applications\locks\partitioned_lock_manager.cc:262] Acquiring <PartitionedLockId>{id: 0x6d706e706f6a6b6e706d6d6f706f6d626e6a646367616169656b616a626e6a62, partition: 1} for RunDiagnostics@chrome\browser\ui\web_applications\diagnostics\web_app_icon_health_checks.cc:64
[19992:1092:0520/142225.453:VERBOSE1:chrome\browser\web_applications\locks\partitioned_lock_manager.cc:243] All locks acquired for RunDiagnostics@chrome\browser\ui\web_applications\diagnostics\web_app_icon_health_checks.cc:64
[19992:1092:0520/142225.453:VERBOSE1:chrome\browser\web_applications\locks\partitioned_lock_manager.cc:262] Acquiring <PartitionedLockId>{id: 0x31, partition: 0} for RunDiagnostics@chrome\browser\ui\web_applications\diagnostics\web_app_icon_health_checks.cc:64
[19992:1092:0520/142225.453:VERBOSE1:chrome\browser\web_applications\locks\partitioned_lock_manager.cc:262] Acquiring <PartitionedLockId>{id: 0x706f6d6d61636c6362666768636c68616c626f616b636970636d6d6e6468636a, partition: 1} for RunDiagnostics@chrome\browser\ui\web_applications\diagnostics\web_app_icon_health_checks.cc:64
[19992:1092:0520/142225.453:VERBOSE1:chrome\browser\web_applications\locks\partitioned_lock_manager.cc:243] All locks acquired for RunDiagnostics@chrome\browser\ui\web_applications\diagnostics\web_app_icon_health_checks.cc:64
[19992:26472:0520/142225.453:VERBOSE1:chrome\installer\util\install_util.cc:218] Existing Chrome version found: 148.0.7778.168
[19992:1092:0520/142225.457:VERBOSE1:chrome\browser\web_applications\locks\partitioned_lock_manager.cc:262] Acquiring <PartitionedLockId>{id: 0x31, partition: 0} for ApplyRunOnOsLoginPolicySettings@chrome\browser\web_applications\policy\web_app_policy_manager.cc:593
[19992:26472:0520/142225.463:VERBOSE1:chrome\installer\util\install_util.cc:242] No existing Chrome install found.
[19992:1092:0520/142225.463:VERBOSE1:chrome\browser\web_applications\locks\partitioned_lock_manager.cc:262] Acquiring <PartitionedLockId>{id: 0x31, partition: 0} for ApplyRunOnOsLoginPolicySettings@chrome\browser\web_applications\policy\web_app_policy_manager.cc:593
[19992:1092:0520/142225.463:VERBOSE1:chrome\browser\web_applications\locks\partitioned_lock_manager.cc:262] Acquiring <PartitionedLockId>{id: 0x31, partition: 0} for ApplyRunOnOsLoginPolicySettings@chrome\browser\web_applications\policy\web_app_policy_manager.cc:593
[19992:1092:0520/142225.463:VERBOSE1:chrome\browser\web_applications\locks\partitioned_lock_manager.cc:262] Acquiring <PartitionedLockId>{id: 0x31, partition: 0} for ApplyRunOnOsLoginPolicySettings@chrome\browser\web_applications\policy\web_app_policy_manager.cc:593
[19992:1092:0520/142225.463:VERBOSE1:chrome\browser\web_applications\locks\partitioned_lock_manager.cc:262] Acquiring <PartitionedLockId>{id: 0x31, partition: 0} for ApplyRunOnOsLoginPolicySettings@chrome\browser\web_applications\policy\web_app_policy_manager.cc:593
[19992:1092:0520/142225.463:VERBOSE1:chrome\browser\web_applications\locks\partitioned_lock_manager.cc:262] Acquiring <PartitionedLockId>{id: 0x31, partition: 0} for ApplyRunOnOsLoginPolicySettings@chrome\browser\web_applications\policy\web_app_policy_manager.cc:593
[19992:1092:0520/142225.463:VERBOSE1:chrome\browser\web_applications\locks\partitioned_lock_manager.cc:262] Acquiring <PartitionedLockId>{id: 0x31, partition: 0} for ApplyRunOnOsLoginPolicySettings@chrome\browser\web_applications\policy\web_app_policy_manager.cc:593
[19992:1092:0520/142225.463:VERBOSE1:chrome\browser\web_applications\locks\partitioned_lock_manager.cc:286] Releasing <PartitionedLockId>{id: 0x61676862696168627061696a69676e6365696465706f6f6b6c6a65626866616b, partition: 1} requested by RunDiagnostics@chrome\browser\ui\web_applications\diagnostics\web_app_icon_health_checks.cc:64
[19992:1092:0520/142225.463:VERBOSE1:chrome\browser\web_applications\locks\partitioned_lock_manager.cc:318] Acquiring <PartitionedLockId>{id: 0x61676862696168627061696a69676e6365696465706f6f6b6c6a65626866616b, partition: 1} for ApplyRunOnOsLoginPolicySettings@chrome\browser\web_applications\policy\web_app_policy_manager.cc:593
[19992:1092:0520/142225.463:VERBOSE1:chrome\browser\web_applications\locks\partitioned_lock_manager.cc:243] All locks acquired for ApplyRunOnOsLoginPolicySettings@chrome\browser\web_applications\policy\web_app_policy_manager.cc:593
[19992:1092:0520/142225.463:VERBOSE1:chrome\browser\web_applications\locks\partitioned_lock_manager.cc:286] Releasing <PartitionedLockId>{id: 0x31, partition: 0} requested by RunDiagnostics@chrome\browser\ui\web_applications\diagnostics\web_app_icon_health_checks.cc:64
[19992:1092:0520/142225.463:VERBOSE1:chrome\browser\web_applications\locks\partitioned_lock_manager.cc:286] Releasing <PartitionedLockId>{id: 0x6167696d6e6b696a636161686e6763646d6665616e67616b6e6d6c646f6f6d6c, partition: 1} requested by RunDiagnostics@chrome\browser\ui\web_applications\diagnostics\web_app_icon_health_checks.cc:64
[19992:1092:0520/142225.463:VERBOSE1:chrome\browser\web_applications\locks\partitioned_lock_manager.cc:318] Acquiring <PartitionedLockId>{id: 0x6167696d6e6b696a636161686e6763646d6665616e67616b6e6d6c646f6f6d6c, partition: 1} for ApplyRunOnOsLoginPolicySettings@chrome\browser\web_applications\policy\web_app_policy_manager.cc:593
[19992:1092:0520/142225.463:VERBOSE1:chrome\browser\web_applications\locks\partitioned_lock_manager.cc:243] All locks acquired for ApplyRunOnOsLoginPolicySettings@chrome\browser\web_applications\policy\web_app_policy_manager.cc:593
[19992:1092:0520/142225.463:VERBOSE1:chrome\browser\web_applications\locks\partitioned_lock_manager.cc:286] Releasing <PartitionedLockId>{id: 0x31, partition: 0} requested by RunDiagnostics@chrome\browser\ui\web_applications\diagnostics\web_app_icon_health_checks.cc:64
[19992:1092:0520/142225.463:VERBOSE1:chrome\browser\web_applications\locks\partitioned_lock_manager.cc:286] Releasing <PartitionedLockId>{id: 0x6668696870696f6a6b626d6270646a656f616a61706d676b686c6e616b666a66, partition: 1} requested by RunDiagnostics@chrome\browser\ui\web_applications\diagnostics\web_app_icon_health_checks.cc:64
[19992:1092:0520/142225.463:VERBOSE1:chrome\browser\web_applications\locks\partitioned_lock_manager.cc:318] Acquiring <PartitionedLockId>{id: 0x6668696870696f6a6b626d6270646a656f616a61706d676b686c6e616b666a66, partition: 1} for ApplyRunOnOsLoginPolicySettings@chrome\browser\web_applications\policy\web_app_policy_manager.cc:593
[19992:1092:0520/142225.463:VERBOSE1:chrome\browser\web_applications\locks\partitioned_lock_manager.cc:243] All locks acquired for ApplyRunOnOsLoginPolicySettings@chrome\browser\web_applications\policy\web_app_policy_manager.cc:593
[19992:1092:0520/142225.463:VERBOSE1:chrome\browser\web_applications\locks\partitioned_lock_manager.cc:286] Releasing <PartitionedLockId>{id: 0x31, partition: 0} requested by RunDiagnostics@chrome\browser\ui\web_applications\diagnostics\web_app_icon_health_checks.cc:64
[19992:1092:0520/142225.463:VERBOSE1:chrome\browser\web_applications\locks\partitioned_lock_manager.cc:286] Releasing <PartitionedLockId>{id: 0x666d676a6a6d6d6d6c666e6b6270706e636162666b6464626a696d63666e636d, partition: 1} requested by RunDiagnostics@chrome\browser\ui\web_applications\diagnostics\web_app_icon_health_checks.cc:64
[19992:1092:0520/142225.463:VERBOSE1:chrome\browser\web_applications\locks\partitioned_lock_manager.cc:318] Acquiring <PartitionedLockId>{id: 0x666d676a6a6d6d6d6c666e6b6270706e636162666b6464626a696d63666e636d, partition: 1} for ApplyRunOnOsLoginPolicySettings@chrome\browser\web_applications\policy\web_app_policy_manager.cc:593
[19992:1092:0520/142225.463:VERBOSE1:chrome\browser\web_applications\locks\partitioned_lock_manager.cc:243] All locks acquired for ApplyRunOnOsLoginPolicySettings@chrome\browser\web_applications\policy\web_app_policy_manager.cc:593
[19992:1092:0520/142225.463:VERBOSE1:chrome\browser\web_applications\locks\partitioned_lock_manager.cc:286] Releasing <PartitionedLockId>{id: 0x31, partition: 0} requested by RunDiagnostics@chrome\browser\ui\web_applications\diagnostics\web_app_icon_health_checks.cc:64
[19992:1092:0520/142225.463:VERBOSE1:chrome\browser\web_applications\locks\partitioned_lock_manager.cc:286] Releasing <PartitionedLockId>{id: 0x6b65666a6c65646f6e6b6c696a6f706d6e6f6d6c6362706c6c63686169626167, partition: 1} requested by RunDiagnostics@chrome\browser\ui\web_applications\diagnostics\web_app_icon_health_checks.cc:64
[19992:1092:0520/142225.463:VERBOSE1:chrome\browser\web_applications\locks\partitioned_lock_manager.cc:318] Acquiring <PartitionedLockId>{id: 0x6b65666a6c65646f6e6b6c696a6f706d6e6f6d6c6362706c6c63686169626167, partition: 1} for ApplyRunOnOsLoginPolicySettings@chrome\browser\web_applications\policy\web_app_policy_manager.cc:593
[19992:1092:0520/142225.463:VERBOSE1:chrome\browser\web_applications\locks\partitioned_lock_manager.cc:243] All locks acquired for ApplyRunOnOsLoginPolicySettings@chrome\browser\web_applications\policy\web_app_policy_manager.cc:593
[19992:1092:0520/142225.463:VERBOSE1:chrome\browser\web_applications\locks\partitioned_lock_manager.cc:286] Releasing <PartitionedLockId>{id: 0x31, partition: 0} requested by RunDiagnostics@chrome\browser\ui\web_applications\diagnostics\web_app_icon_health_checks.cc:64
[19992:1092:0520/142225.463:VERBOSE1:chrome\browser\web_applications\locks\partitioned_lock_manager.cc:286] Releasing <PartitionedLockId>{id: 0x6d706e706f6a6b6e706d6d6f706f6d626e6a646367616169656b616a626e6a62, partition: 1} requested by RunDiagnostics@chrome\browser\ui\web_applications\diagnostics\web_app_icon_health_checks.cc:64
[19992:1092:0520/142225.463:VERBOSE1:chrome\browser\web_applications\locks\partitioned_lock_manager.cc:318] Acquiring <PartitionedLockId>{id: 0x6d706e706f6a6b6e706d6d6f706f6d626e6a646367616169656b616a626e6a62, partition: 1} for ApplyRunOnOsLoginPolicySettings@chrome\browser\web_applications\policy\web_app_policy_manager.cc:593
[19992:1092:0520/142225.463:VERBOSE1:chrome\browser\web_applications\locks\partitioned_lock_manager.cc:243] All locks acquired for ApplyRunOnOsLoginPolicySettings@chrome\browser\web_applications\policy\web_app_policy_manager.cc:593
[19992:1092:0520/142225.463:VERBOSE1:chrome\browser\web_applications\locks\partitioned_lock_manager.cc:286] Releasing <PartitionedLockId>{id: 0x31, partition: 0} requested by RunDiagnostics@chrome\browser\ui\web_applications\diagnostics\web_app_icon_health_checks.cc:64
[19992:1092:0520/142225.463:VERBOSE1:chrome\browser\profiles\profile_manager.cc:1408] AddKeepAlive(Default, kWebAppUpdate). keep_alives=[kBrowserWindow (1), kExtensionUpdater (3), kWebAppUpdate (1), kRemoteDebugging (1)]
[19992:1092:0520/142225.463:VERBOSE1:chrome\browser\web_applications\locks\partitioned_lock_manager.cc:286] Releasing <PartitionedLockId>{id: 0x61676862696168627061696a69676e6365696465706f6f6b6c6a65626866616b, partition: 1} requested by ApplyRunOnOsLoginPolicySettings@chrome\browser\web_applications\policy\web_app_policy_manager.cc:593
[19992:1092:0520/142225.463:VERBOSE1:chrome\browser\web_applications\locks\partitioned_lock_manager.cc:286] Releasing <PartitionedLockId>{id: 0x31, partition: 0} requested by ApplyRunOnOsLoginPolicySettings@chrome\browser\web_applications\policy\web_app_policy_manager.cc:593
[19992:1092:0520/142225.463:VERBOSE1:chrome\browser\web_applications\locks\partitioned_lock_manager.cc:286] Releasing <PartitionedLockId>{id: 0x706f6d6d61636c6362666768636c68616c626f616b636970636d6d6e6468636a, partition: 1} requested by RunDiagnostics@chrome\browser\ui\web_applications\diagnostics\web_app_icon_health_checks.cc:64
[19992:1092:0520/142225.463:VERBOSE1:chrome\browser\web_applications\locks\partitioned_lock_manager.cc:318] Acquiring <PartitionedLockId>{id: 0x706f6d6d61636c6362666768636c68616c626f616b636970636d6d6e6468636a, partition: 1} for ApplyRunOnOsLoginPolicySettings@chrome\browser\web_applications\policy\web_app_policy_manager.cc:593
[19992:1092:0520/142225.463:VERBOSE1:chrome\browser\web_applications\locks\partitioned_lock_manager.cc:243] All locks acquired for ApplyRunOnOsLoginPolicySettings@chrome\browser\web_applications\policy\web_app_policy_manager.cc:593
[19992:1092:0520/142225.463:VERBOSE1:chrome\browser\web_applications\locks\partitioned_lock_manager.cc:286] Releasing <PartitionedLockId>{id: 0x31, partition: 0} requested by RunDiagnostics@chrome\browser\ui\web_applications\diagnostics\web_app_icon_health_checks.cc:64
[19992:1092:0520/142225.463:VERBOSE1:chrome\browser\profiles\profile_manager.cc:1408] AddKeepAlive(Default, kWebAppUpdate). keep_alives=[kBrowserWindow (1), kExtensionUpdater (3), kWebAppUpdate (2), kRemoteDebugging (1)]
[19992:1092:0520/142225.463:VERBOSE1:chrome\browser\web_applications\locks\partitioned_lock_manager.cc:286] Releasing <PartitionedLockId>{id: 0x6167696d6e6b696a636161686e6763646d6665616e67616b6e6d6c646f6f6d6c, partition: 1} requested by ApplyRunOnOsLoginPolicySettings@chrome\browser\web_applications\policy\web_app_policy_manager.cc:593
[19992:1092:0520/142225.463:VERBOSE1:chrome\browser\web_applications\locks\partitioned_lock_manager.cc:286] Releasing <PartitionedLockId>{id: 0x31, partition: 0} requested by ApplyRunOnOsLoginPolicySettings@chrome\browser\web_applications\policy\web_app_policy_manager.cc:593
[19992:1092:0520/142225.463:VERBOSE1:chrome\browser\profiles\profile_manager.cc:1408] AddKeepAlive(Default, kWebAppUpdate). keep_alives=[kBrowserWindow (1), kExtensionUpdater (3), kWebAppUpdate (3), kRemoteDebugging (1)]
[19992:1092:0520/142225.463:VERBOSE1:chrome\browser\web_applications\locks\partitioned_lock_manager.cc:286] Releasing <PartitionedLockId>{id: 0x6668696870696f6a6b626d6270646a656f616a61706d676b686c6e616b666a66, partition: 1} requested by ApplyRunOnOsLoginPolicySettings@chrome\browser\web_applications\policy\web_app_policy_manager.cc:593
[19992:1092:0520/142225.463:VERBOSE1:chrome\browser\web_applications\locks\partitioned_lock_manager.cc:286] Releasing <PartitionedLockId>{id: 0x31, partition: 0} requested by ApplyRunOnOsLoginPolicySettings@chrome\browser\web_applications\policy\web_app_policy_manager.cc:593
[19992:1092:0520/142225.463:VERBOSE1:chrome\browser\profiles\profile_manager.cc:1408] AddKeepAlive(Default, kWebAppUpdate). keep_alives=[kBrowserWindow (1), kExtensionUpdater (3), kWebAppUpdate (4), kRemoteDebugging (1)]
[19992:1092:0520/142225.463:VERBOSE1:chrome\browser\web_applications\locks\partitioned_lock_manager.cc:286] Releasing <PartitionedLockId>{id: 0x666d676a6a6d6d6d6c666e6b6270706e636162666b6464626a696d63666e636d, partition: 1} requested by ApplyRunOnOsLoginPolicySettings@chrome\browser\web_applications\policy\web_app_policy_manager.cc:593
[19992:1092:0520/142225.463:VERBOSE1:chrome\browser\web_applications\locks\partitioned_lock_manager.cc:286] Releasing <PartitionedLockId>{id: 0x31, partition: 0} requested by ApplyRunOnOsLoginPolicySettings@chrome\browser\web_applications\policy\web_app_policy_manager.cc:593
[19992:1092:0520/142225.463:VERBOSE1:chrome\browser\profiles\profile_manager.cc:1408] AddKeepAlive(Default, kWebAppUpdate). keep_alives=[kBrowserWindow (1), kExtensionUpdater (3), kWebAppUpdate (5), kRemoteDebugging (1)]
[19992:1092:0520/142225.463:VERBOSE1:chrome\browser\web_applications\locks\partitioned_lock_manager.cc:286] Releasing <PartitionedLockId>{id: 0x6b65666a6c65646f6e6b6c696a6f706d6e6f6d6c6362706c6c63686169626167, partition: 1} requested by ApplyRunOnOsLoginPolicySettings@chrome\browser\web_applications\policy\web_app_policy_manager.cc:593
[19992:1092:0520/142225.463:VERBOSE1:chrome\browser\web_applications\locks\partitioned_lock_manager.cc:286] Releasing <PartitionedLockId>{id: 0x31, partition: 0} requested by ApplyRunOnOsLoginPolicySettings@chrome\browser\web_applications\policy\web_app_policy_manager.cc:593
[19992:1092:0520/142225.463:VERBOSE1:chrome\browser\profiles\profile_manager.cc:1408] AddKeepAlive(Default, kWebAppUpdate). keep_alives=[kBrowserWindow (1), kExtensionUpdater (3), kWebAppUpdate (6), kRemoteDebugging (1)]
[19992:1092:0520/142225.463:VERBOSE1:chrome\browser\web_applications\locks\partitioned_lock_manager.cc:286] Releasing <PartitionedLockId>{id: 0x6d706e706f6a6b6e706d6d6f706f6d626e6a646367616169656b616a626e6a62, partition: 1} requested by ApplyRunOnOsLoginPolicySettings@chrome\browser\web_applications\policy\web_app_policy_manager.cc:593
[19992:1092:0520/142225.463:VERBOSE1:chrome\browser\web_applications\locks\partitioned_lock_manager.cc:286] Releasing <PartitionedLockId>{id: 0x31, partition: 0} requested by ApplyRunOnOsLoginPolicySettings@chrome\browser\web_applications\policy\web_app_policy_manager.cc:593
[19992:1092:0520/142225.463:VERBOSE1:chrome\browser\profiles\profile_manager.cc:1469] RemoveKeepAlive(Default, kWebAppUpdate). keep_alives=[kBrowserWindow (1), kExtensionUpdater (3), kWebAppUpdate (5), kRemoteDebugging (1)]
[19992:1092:0520/142225.463:VERBOSE1:chrome\browser\profiles\profile_manager.cc:1408] AddKeepAlive(Default, kWebAppUpdate). keep_alives=[kBrowserWindow (1), kExtensionUpdater (3), kWebAppUpdate (6), kRemoteDebugging (1)]
[19992:1092:0520/142225.463:VERBOSE1:chrome\browser\web_applications\locks\partitioned_lock_manager.cc:286] Releasing <PartitionedLockId>{id: 0x706f6d6d61636c6362666768636c68616c626f616b636970636d6d6e6468636a, partition: 1} requested by ApplyRunOnOsLoginPolicySettings@chrome\browser\web_applications\policy\web_app_policy_manager.cc:593
[19992:1092:0520/142225.463:VERBOSE1:chrome\browser\web_applications\locks\partitioned_lock_manager.cc:286] Releasing <PartitionedLockId>{id: 0x31, partition: 0} requested by ApplyRunOnOsLoginPolicySettings@chrome\browser\web_applications\policy\web_app_policy_manager.cc:593
[19992:1092:0520/142225.463:VERBOSE1:chrome\browser\web_applications\locks\partitioned_lock_manager.cc:318] Acquiring <PartitionedLockId>{id: 0x31, partition: 0} for SynchronizeInstalledApps@chrome\browser\web_applications\externally_managed_app_manager.cc:186
[19992:1092:0520/142225.463:VERBOSE1:chrome\browser\web_applications\locks\partitioned_lock_manager.cc:243] All locks acquired for SynchronizeInstalledApps@chrome\browser\web_applications\externally_managed_app_manager.cc:186
[19992:1092:0520/142225.463:VERBOSE1:chrome\browser\profiles\profile_manager.cc:1469] RemoveKeepAlive(Default, kWebAppUpdate). keep_alives=[kBrowserWindow (1), kExtensionUpdater (3), kWebAppUpdate (5), kRemoteDebugging (1)]
[19992:1092:0520/142225.463:VERBOSE1:chrome\browser\profiles\profile_manager.cc:1469] RemoveKeepAlive(Default, kWebAppUpdate). keep_alives=[kBrowserWindow (1), kExtensionUpdater (3), kWebAppUpdate (4), kRemoteDebugging (1)]
[19992:1092:0520/142225.463:VERBOSE1:chrome\browser\profiles\profile_manager.cc:1469] RemoveKeepAlive(Default, kWebAppUpdate). keep_alives=[kBrowserWindow (1), kExtensionUpdater (3), kWebAppUpdate (3), kRemoteDebugging (1)]
[19992:1092:0520/142225.463:VERBOSE1:chrome\browser\profiles\profile_manager.cc:1469] RemoveKeepAlive(Default, kWebAppUpdate). keep_alives=[kBrowserWindow (1), kExtensionUpdater (3), kWebAppUpdate (2), kRemoteDebugging (1)]
[19992:1092:0520/142225.463:VERBOSE1:chrome\browser\profiles\profile_manager.cc:1469] RemoveKeepAlive(Default, kWebAppUpdate). keep_alives=[kBrowserWindow (1), kExtensionUpdater (3), kWebAppUpdate (1), kRemoteDebugging (1)]
[19992:1092:0520/142225.463:VERBOSE1:chrome\browser\profiles\profile_manager.cc:1469] RemoveKeepAlive(Default, kWebAppUpdate). keep_alives=[kBrowserWindow (1), kExtensionUpdater (3), kRemoteDebugging (1)]
[19992:1092:0520/142225.463:VERBOSE1:chrome\browser\web_applications\locks\partitioned_lock_manager.cc:286] Releasing <PartitionedLockId>{id: 0x31, partition: 0} requested by SynchronizeInstalledApps@chrome\browser\web_applications\externally_managed_app_manager.cc:186
[19992:1092:0520/142225.465:VERBOSE1:components\device_event_log\device_event_log_impl.cc:204] [14:22:25.466] USB: DEBUG: usb_device_handle_win.cc:1058 Failed to read descriptor from node connection: A device attached to the system is not functioning. (0x1F)
[19992:1772:0520/142225.465:VERBOSE1:components\component_updater\component_installer.cc:477] StartRegistration for Related Website Sets
[19992:1092:0520/142225.467:VERBOSE1:components\component_updater\component_installer.cc:556] FinishRegistration for Related Website Sets
[19992:1092:0520/142225.467:VERBOSE1:chrome\browser\component_updater\first_party_sets_component_installer.cc:42] Received Related Website Sets
[19992:1092:0520/142225.467:VERBOSE1:components\device_event_log\device_event_log_impl.cc:204] [14:22:25.468] USB: USER: usb_service_win.cc:765 USB device added: path=\\?\usb#vid_04f2&pid_b7ef#01.00.00#{a5dcbf10-6530-11d2-901f-00c04fb951ed} vendor=1266 "SunplusIT Inc", product=47087 "Integrated Camera", serial="01.00.00", driver="usbccgp", guid=5c63f0a6-f8ec-46d9-a658-70f2d330553d
[19992:1092:0520/142225.467:VERBOSE1:components\device_event_log\device_event_log_impl.cc:204] [14:22:25.468] USB: DEBUG: usb_device_handle_win.cc:1058 Failed to read descriptor from node connection: A device attached to the system is not functioning. (0x1F)
[19992:1092:0520/142225.467:VERBOSE1:components\device_event_log\device_event_log_impl.cc:204] [14:22:25.468] USB: USER: usb_service_win.cc:765 USB device added: path=\\?\usb#vid_04f3&pid_0c4b#5&312b2d7e&0&9#{a5dcbf10-6530-11d2-901f-00c04fb951ed} vendor=1267 "", product=3147 "", serial="", driver="WUDFRd", guid=04d61a46-8818-43c0-806f-115fefca5f71
[19992:1092:0520/142225.467:VERBOSE1:components\device_event_log\device_event_log_impl.cc:204] [14:22:25.468] USB: DEBUG: usb_device_handle_win.cc:1058 Failed to read descriptor from node connection: A device attached to the system is not functioning. (0x1F)
[19992:1092:0520/142225.467:VERBOSE1:components\device_event_log\device_event_log_impl.cc:204] [14:22:25.468] USB: USER: usb_service_win.cc:765 USB device added: path=\\?\usb#vid_0bda&pid_5852#00e04c000001#{a5dcbf10-6530-11d2-901f-00c04fb951ed} vendor=3034 "", product=22610 "", serial="00e04c000001", driver="BTHUSB", guid=1ca50182-a4d5-4561-b47c-984a6215f4cf
[11272:8088:0520/142225.471:VERBOSE1:net\base\network_delegate.cc:38] NetworkDelegate::NotifyBeforeURLRequest: https://android.clients.google.com/c2dm/register3
[11272:8088:0520/142225.471:VERBOSE1:net\base\network_delegate.cc:38] NetworkDelegate::NotifyBeforeURLRequest: https://android.clients.google.com/c2dm/register3
[11272:8088:0520/142225.471:VERBOSE1:net\base\network_delegate.cc:38] NetworkDelegate::NotifyBeforeURLRequest: https://android.clients.google.com/c2dm/register3
[19992:1092:0520/142225.471:VERBOSE1:chrome\browser\web_applications\locks\partitioned_lock_manager.cc:262] Acquiring <PartitionedLockId>{id: 0x31, partition: 0} for SynchronizeInstalledApps@chrome\browser\web_applications\externally_managed_app_manager.cc:186
[19992:1092:0520/142225.471:VERBOSE1:chrome\browser\web_applications\locks\partitioned_lock_manager.cc:243] All locks acquired for SynchronizeInstalledApps@chrome\browser\web_applications\externally_managed_app_manager.cc:186
[19992:1092:0520/142225.471:VERBOSE1:chrome\browser\web_applications\locks\partitioned_lock_manager.cc:286] Releasing <PartitionedLockId>{id: 0x31, partition: 0} requested by SynchronizeInstalledApps@chrome\browser\web_applications\externally_managed_app_manager.cc:186
[19992:1092:0520/142225.471:VERBOSE1:chrome\browser\web_applications\locks\partitioned_lock_manager.cc:262] Acquiring <PartitionedLockId>{id: 0x31, partition: 0} for MaybeStartNext@chrome\browser\web_applications\externally_managed_app_manager.cc:271
[19992:1092:0520/142225.471:VERBOSE1:chrome\browser\web_applications\locks\partitioned_lock_manager.cc:243] All locks acquired for MaybeStartNext@chrome\browser\web_applications\externally_managed_app_manager.cc:271
[19992:1092:0520/142225.471:VERBOSE1:chrome\browser\web_applications\locks\partitioned_lock_manager.cc:286] Releasing <PartitionedLockId>{id: 0x31, partition: 0} requested by MaybeStartNext@chrome\browser\web_applications\externally_managed_app_manager.cc:271
[19992:1092:0520/142225.471:VERBOSE1:chrome\browser\web_applications\locks\partitioned_lock_manager.cc:318] Acquiring <PartitionedLockId>{id: 0x31, partition: 0} for ContinueSynchronization@chrome\browser\web_applications\externally_managed_app_manager.cc:736
[19992:1092:0520/142225.471:VERBOSE1:chrome\browser\web_applications\locks\partitioned_lock_manager.cc:243] All locks acquired for ContinueSynchronization@chrome\browser\web_applications\externally_managed_app_manager.cc:736
[19992:1092:0520/142225.471:VERBOSE1:chrome\browser\web_applications\locks\partitioned_lock_manager.cc:286] Releasing <PartitionedLockId>{id: 0x31, partition: 0} requested by ContinueSynchronization@chrome\browser\web_applications\externally_managed_app_manager.cc:736
[19992:26424:0520/142225.478:VERBOSE1:net\dns\mdns_client_impl.cc:204] Sockets ready:2
[28264:22652:0520/142225.503:VERBOSE1:third_party\zlib\google\zip.cc:183] Skipped ZIP entry 'offscreendocument_main.js'
[28264:22652:0520/142225.503:VERBOSE1:third_party\zlib\google\zip.cc:183] Skipped ZIP entry 'dasherSettingSchema.json'
[28264:22652:0520/142225.510:VERBOSE1:third_party\zlib\google\zip.cc:183] Skipped ZIP entry 'service_worker_bin_prod.js'
[28264:22652:0520/142225.510:VERBOSE1:third_party\zlib\google\zip.cc:183] Skipped ZIP entry '128.png'
[28264:22652:0520/142225.510:VERBOSE1:third_party\zlib\google\zip.cc:183] Skipped ZIP entry '_locales/no/messages.json'
[28264:22652:0520/142225.510:VERBOSE1:third_party\zlib\google\zip.cc:183] Skipped ZIP entry '_locales/as/messages.json'
[28264:22652:0520/142225.511:VERBOSE1:third_party\zlib\google\zip.cc:183] Skipped ZIP entry '_locales/hr/messages.json'
[28264:22652:0520/142225.511:VERBOSE1:third_party\zlib\google\zip.cc:183] Skipped ZIP entry '_locales/te/messages.json'
[28264:22652:0520/142225.511:VERBOSE1:third_party\zlib\google\zip.cc:183] Skipped ZIP entry '_locales/da/messages.json'
[28264:22652:0520/142225.511:VERBOSE1:third_party\zlib\google\zip.cc:183] Skipped ZIP entry '_locales/mr/messages.json'
[28264:22652:0520/142225.511:VERBOSE1:third_party\zlib\google\zip.cc:183] Skipped ZIP entry '_locales/lo/messages.json'
[28264:22652:0520/142225.511:VERBOSE1:third_party\zlib\google\zip.cc:183] Skipped ZIP entry '_locales/el/messages.json'
[28264:22652:0520/142225.511:VERBOSE1:third_party\zlib\google\zip.cc:183] Skipped ZIP entry '_locales/ja/messages.json'
[28264:22652:0520/142225.511:VERBOSE1:third_party\zlib\google\zip.cc:183] Skipped ZIP entry '_locales/en_GB/messages.json'
[28264:22652:0520/142225.511:VERBOSE1:third_party\zlib\google\zip.cc:183] Skipped ZIP entry '_locales/ms/messages.json'
[20908:24796:0520/142225.511:VERBOSE1:third_party\zlib\google\zip.cc:183] Skipped ZIP entry '_locales/'
[28264:22652:0520/142225.511:VERBOSE1:third_party\zlib\google\zip.cc:183] Skipped ZIP entry '_locales/hy/messages.json'
[20908:24796:0520/142225.511:VERBOSE1:third_party\zlib\google\zip.cc:183] Skipped ZIP entry '_locales/bg/'
[28264:22652:0520/142225.511:VERBOSE1:third_party\zlib\google\zip.cc:183] Skipped ZIP entry '_locales/sr/messages.json'
[20908:24796:0520/142225.511:VERBOSE1:third_party\zlib\google\zip.cc:183] Skipped ZIP entry '_locales/bg/messages.json'
[28264:22652:0520/142225.511:VERBOSE1:third_party\zlib\google\zip.cc:183] Skipped ZIP entry '_locales/es/messages.json'
[20908:24796:0520/142225.511:VERBOSE1:third_party\zlib\google\zip.cc:183] Skipped ZIP entry '_locales/ca/'
[28264:22652:0520/142225.511:VERBOSE1:third_party\zlib\google\zip.cc:183] Skipped ZIP entry '_locales/eu/messages.json'
[20908:24796:0520/142225.511:VERBOSE1:third_party\zlib\google\zip.cc:183] Skipped ZIP entry '_locales/ca/messages.json'
[28264:22652:0520/142225.511:VERBOSE1:third_party\zlib\google\zip.cc:183] Skipped ZIP entry '_locales/my/messages.json'
[20908:24796:0520/142225.511:VERBOSE1:third_party\zlib\google\zip.cc:183] Skipped ZIP entry '_locales/cs/'
[28264:22652:0520/142225.511:VERBOSE1:third_party\zlib\google\zip.cc:183] Skipped ZIP entry '_locales/zu/messages.json'
[28264:22652:0520/142225.511:VERBOSE1:third_party\zlib\google\zip.cc:183] Skipped ZIP entry '_locales/ta/messages.json'
[20908:24796:0520/142225.511:VERBOSE1:third_party\zlib\google\zip.cc:183] Skipped ZIP entry '_locales/cs/messages.json'
[28264:22652:0520/142225.511:VERBOSE1:third_party\zlib\google\zip.cc:183] Skipped ZIP entry '_locales/sq/messages.json'
[20908:24796:0520/142225.511:VERBOSE1:third_party\zlib\google\zip.cc:183] Skipped ZIP entry '_locales/da/'
[28264:22652:0520/142225.511:VERBOSE1:third_party\zlib\google\zip.cc:183] Skipped ZIP entry '_locales/ru/messages.json'
[20908:24796:0520/142225.511:VERBOSE1:third_party\zlib\google\zip.cc:183] Skipped ZIP entry '_locales/da/messages.json'
[28264:22652:0520/142225.511:VERBOSE1:third_party\zlib\google\zip.cc:183] Skipped ZIP entry '_locales/ka/messages.json'
[20908:24796:0520/142225.511:VERBOSE1:third_party\zlib\google\zip.cc:183] Skipped ZIP entry '_locales/de/'
[28264:22652:0520/142225.511:VERBOSE1:third_party\zlib\google\zip.cc:183] Skipped ZIP entry '_locales/fr_CA/messages.json'
[20908:24796:0520/142225.511:VERBOSE1:third_party\zlib\google\zip.cc:183] Skipped ZIP entry '_locales/de/messages.json'
[28264:22652:0520/142225.511:VERBOSE1:third_party\zlib\google\zip.cc:183] Skipped ZIP entry '_locales/en/messages.json'
[20908:24796:0520/142225.511:VERBOSE1:third_party\zlib\google\zip.cc:183] Skipped ZIP entry '_locales/el/'
[28264:22652:0520/142225.511:VERBOSE1:third_party\zlib\google\zip.cc:183] Skipped ZIP entry '_locales/am/messages.json'
[20908:24796:0520/142225.511:VERBOSE1:third_party\zlib\google\zip.cc:183] Skipped ZIP entry '_locales/el/messages.json'
[28264:22652:0520/142225.511:VERBOSE1:third_party\zlib\google\zip.cc:183] Skipped ZIP entry '_locales/en_CA/messages.json'
[20908:24796:0520/142225.511:VERBOSE1:third_party\zlib\google\zip.cc:183] Skipped ZIP entry '_locales/en/'
[28264:22652:0520/142225.511:VERBOSE1:third_party\zlib\google\zip.cc:183] Skipped ZIP entry '_locales/zh_TW/messages.json'
[20908:24796:0520/142225.511:VERBOSE1:third_party\zlib\google\zip.cc:183] Skipped ZIP entry '_locales/en/messages.json'
[28264:22652:0520/142225.511:VERBOSE1:third_party\zlib\google\zip.cc:183] Skipped ZIP entry '_locales/km/messages.json'
[20908:24796:0520/142225.511:VERBOSE1:third_party\zlib\google\zip.cc:183] Skipped ZIP entry '_locales/en_GB/'
[28264:22652:0520/142225.511:VERBOSE1:third_party\zlib\google\zip.cc:183] Skipped ZIP entry '_locales/uz/messages.json'
[20908:24796:0520/142225.511:VERBOSE1:third_party\zlib\google\zip.cc:183] Skipped ZIP entry '_locales/en_GB/messages.json'
[28264:22652:0520/142225.511:VERBOSE1:third_party\zlib\google\zip.cc:183] Skipped ZIP entry '_locales/ca/messages.json'
[20908:24796:0520/142225.511:VERBOSE1:third_party\zlib\google\zip.cc:183] Skipped ZIP entry '_locales/es/'
[28264:22652:0520/142225.511:VERBOSE1:third_party\zlib\google\zip.cc:183] Skipped ZIP entry '_locales/en_US/messages.json'
[20908:24796:0520/142225.511:VERBOSE1:third_party\zlib\google\zip.cc:183] Skipped ZIP entry '_locales/es/messages.json'
[28264:22652:0520/142225.511:VERBOSE1:third_party\zlib\google\zip.cc:183] Skipped ZIP entry '_locales/hu/messages.json'
[20908:24796:0520/142225.518:VERBOSE1:third_party\zlib\google\zip.cc:183] Skipped ZIP entry '_locales/es_419/'
[28264:22652:0520/142225.518:VERBOSE1:third_party\zlib\google\zip.cc:183] Skipped ZIP entry '_locales/kn/messages.json'
[28264:22652:0520/142225.518:VERBOSE1:third_party\zlib\google\zip.cc:183] Skipped ZIP entry '_locales/vi/messages.json'
[20908:24796:0520/142225.518:VERBOSE1:third_party\zlib\google\zip.cc:183] Skipped ZIP entry '_locales/es_419/messages.json'
[28264:22652:0520/142225.518:VERBOSE1:third_party\zlib\google\zip.cc:183] Skipped ZIP entry '_locales/pa/messages.json'
[20908:24796:0520/142225.518:VERBOSE1:third_party\zlib\google\zip.cc:183] Skipped ZIP entry '_locales/et/'
[28264:22652:0520/142225.518:VERBOSE1:third_party\zlib\google\zip.cc:183] Skipped ZIP entry '_locales/fr/messages.json'
[20908:24796:0520/142225.518:VERBOSE1:third_party\zlib\google\zip.cc:183] Skipped ZIP entry '_locales/et/messages.json'
[28264:22652:0520/142225.518:VERBOSE1:third_party\zlib\google\zip.cc:183] Skipped ZIP entry '_locales/fa/messages.json'
[20908:24796:0520/142225.518:VERBOSE1:third_party\zlib\google\zip.cc:183] Skipped ZIP entry '_locales/fi/'
[28264:22652:0520/142225.518:VERBOSE1:third_party\zlib\google\zip.cc:183] Skipped ZIP entry '_locales/it/messages.json'
[20908:24796:0520/142225.518:VERBOSE1:third_party\zlib\google\zip.cc:183] Skipped ZIP entry '_locales/fi/messages.json'
[28264:22652:0520/142225.519:VERBOSE1:third_party\zlib\google\zip.cc:183] Skipped ZIP entry '_locales/bn/messages.json'
[20908:24796:0520/142225.519:VERBOSE1:third_party\zlib\google\zip.cc:183] Skipped ZIP entry '_locales/fil/'
[28264:22652:0520/142225.519:VERBOSE1:third_party\zlib\google\zip.cc:183] Skipped ZIP entry '_locales/ro/messages.json'
[20908:24796:0520/142225.519:VERBOSE1:third_party\zlib\google\zip.cc:183] Skipped ZIP entry '_locales/fil/messages.json'
[28264:22652:0520/142225.519:VERBOSE1:third_party\zlib\google\zip.cc:183] Skipped ZIP entry '_locales/kk/messages.json'
[20908:24796:0520/142225.519:VERBOSE1:third_party\zlib\google\zip.cc:183] Skipped ZIP entry '_locales/fr/'
[28264:22652:0520/142225.519:VERBOSE1:third_party\zlib\google\zip.cc:183] Skipped ZIP entry '_locales/sk/messages.json'
[28264:22652:0520/142225.519:VERBOSE1:third_party\zlib\google\zip.cc:183] Skipped ZIP entry '_locales/es_419/messages.json'
[20908:24796:0520/142225.519:VERBOSE1:third_party\zlib\google\zip.cc:183] Skipped ZIP entry '_locales/fr/messages.json'
[28264:22652:0520/142225.519:VERBOSE1:third_party\zlib\google\zip.cc:183] Skipped ZIP entry '_locales/mn/messages.json'
[20908:24796:0520/142225.519:VERBOSE1:third_party\zlib\google\zip.cc:183] Skipped ZIP entry '_locales/hi/'
[28264:22652:0520/142225.519:VERBOSE1:third_party\zlib\google\zip.cc:183] Skipped ZIP entry '_locales/si/messages.json'
[20908:24796:0520/142225.519:VERBOSE1:third_party\zlib\google\zip.cc:183] Skipped ZIP entry '_locales/hi/messages.json'
[28264:22652:0520/142225.519:VERBOSE1:third_party\zlib\google\zip.cc:183] Skipped ZIP entry '_locales/pt_PT/messages.json'
[20908:24796:0520/142225.519:VERBOSE1:third_party\zlib\google\zip.cc:183] Skipped ZIP entry '_locales/hr/'
[28264:22652:0520/142225.519:VERBOSE1:third_party\zlib\google\zip.cc:183] Skipped ZIP entry '_locales/af/messages.json'
[28264:22652:0520/142225.519:VERBOSE1:third_party\zlib\google\zip.cc:183] Skipped ZIP entry '_locales/ar/messages.json'
[20908:24796:0520/142225.519:VERBOSE1:third_party\zlib\google\zip.cc:183] Skipped ZIP entry '_locales/hr/messages.json'
[28264:22652:0520/142225.519:VERBOSE1:third_party\zlib\google\zip.cc:183] Skipped ZIP entry '_locales/id/messages.json'
[20908:24796:0520/142225.519:VERBOSE1:third_party\zlib\google\zip.cc:183] Skipped ZIP entry '_locales/hu/'
[28264:22652:0520/142225.519:VERBOSE1:third_party\zlib\google\zip.cc:183] Skipped ZIP entry '_locales/zh_CN/messages.json'
[20908:24796:0520/142225.519:VERBOSE1:third_party\zlib\google\zip.cc:183] Skipped ZIP entry '_locales/hu/messages.json'
[28264:22652:0520/142225.519:VERBOSE1:third_party\zlib\google\zip.cc:183] Skipped ZIP entry '_locales/zh_HK/messages.json'
[20908:24796:0520/142225.519:VERBOSE1:third_party\zlib\google\zip.cc:183] Skipped ZIP entry '_locales/id/'
[28264:22652:0520/142225.519:VERBOSE1:third_party\zlib\google\zip.cc:183] Skipped ZIP entry '_locales/nl/messages.json'
[20908:24796:0520/142225.519:VERBOSE1:third_party\zlib\google\zip.cc:183] Skipped ZIP entry '_locales/id/messages.json'
[20908:24796:0520/142225.519:VERBOSE1:third_party\zlib\google\zip.cc:183] Skipped ZIP entry '_locales/it/'
[28264:22652:0520/142225.519:VERBOSE1:third_party\zlib\google\zip.cc:183] Skipped ZIP entry '_locales/cs/messages.json'
[20908:24796:0520/142225.519:VERBOSE1:third_party\zlib\google\zip.cc:183] Skipped ZIP entry '_locales/it/messages.json'
[28264:22652:0520/142225.519:VERBOSE1:third_party\zlib\google\zip.cc:183] Skipped ZIP entry '_locales/lv/messages.json'
[20908:24796:0520/142225.519:VERBOSE1:third_party\zlib\google\zip.cc:183] Skipped ZIP entry '_locales/ja/'
[28264:22652:0520/142225.519:VERBOSE1:third_party\zlib\google\zip.cc:183] Skipped ZIP entry '_locales/ko/messages.json'
[20908:24796:0520/142225.519:VERBOSE1:third_party\zlib\google\zip.cc:183] Skipped ZIP entry '_locales/ja/messages.json'
[28264:22652:0520/142225.523:VERBOSE1:third_party\zlib\google\zip.cc:183] Skipped ZIP entry '_locales/fil/messages.json'
[20908:24796:0520/142225.523:VERBOSE1:third_party\zlib\google\zip.cc:183] Skipped ZIP entry '_locales/ko/'
[28264:22652:0520/142225.523:VERBOSE1:third_party\zlib\google\zip.cc:183] Skipped ZIP entry '_locales/bg/messages.json'
[20908:24796:0520/142225.523:VERBOSE1:third_party\zlib\google\zip.cc:183] Skipped ZIP entry '_locales/ko/messages.json'
[28264:22652:0520/142225.523:VERBOSE1:third_party\zlib\google\zip.cc:183] Skipped ZIP entry '_locales/et/messages.json'
[20908:24796:0520/142225.523:VERBOSE1:third_party\zlib\google\zip.cc:183] Skipped ZIP entry '_locales/lt/'
[28264:22652:0520/142225.523:VERBOSE1:third_party\zlib\google\zip.cc:183] Skipped ZIP entry '_locales/th/messages.json'
[20908:24796:0520/142225.523:VERBOSE1:third_party\zlib\google\zip.cc:183] Skipped ZIP entry '_locales/lt/messages.json'
[20908:24796:0520/142225.523:VERBOSE1:third_party\zlib\google\zip.cc:183] Skipped ZIP entry '_locales/lv/'
[28264:22652:0520/142225.523:VERBOSE1:third_party\zlib\google\zip.cc:183] Skipped ZIP entry '_locales/gl/messages.json'
[20908:24796:0520/142225.523:VERBOSE1:third_party\zlib\google\zip.cc:183] Skipped ZIP entry '_locales/lv/messages.json'
[28264:22652:0520/142225.523:VERBOSE1:third_party\zlib\google\zip.cc:183] Skipped ZIP entry '_locales/lt/messages.json'
[20908:24796:0520/142225.523:VERBOSE1:third_party\zlib\google\zip.cc:183] Skipped ZIP entry '_locales/nb/'
[28264:22652:0520/142225.523:VERBOSE1:third_party\zlib\google\zip.cc:183] Skipped ZIP entry '_locales/ur/messages.json'
[20908:24796:0520/142225.524:VERBOSE1:third_party\zlib\google\zip.cc:183] Skipped ZIP entry '_locales/nb/messages.json'
[28264:22652:0520/142225.524:VERBOSE1:third_party\zlib\google\zip.cc:183] Skipped ZIP entry '_locales/iw/messages.json'
[20908:24796:0520/142225.524:VERBOSE1:third_party\zlib\google\zip.cc:183] Skipped ZIP entry '_locales/nl/'
[28264:22652:0520/142225.524:VERBOSE1:third_party\zlib\google\zip.cc:183] Skipped ZIP entry '_locales/be/messages.json'
[20908:24796:0520/142225.524:VERBOSE1:third_party\zlib\google\zip.cc:183] Skipped ZIP entry '_locales/nl/messages.json'
[28264:22652:0520/142225.524:VERBOSE1:third_party\zlib\google\zip.cc:183] Skipped ZIP entry '_locales/ml/messages.json'
[20908:24796:0520/142225.524:VERBOSE1:third_party\zlib\google\zip.cc:183] Skipped ZIP entry '_locales/pl/'
[28264:22652:0520/142225.524:VERBOSE1:third_party\zlib\google\zip.cc:183] Skipped ZIP entry '_locales/hi/messages.json'
[20908:24796:0520/142225.524:VERBOSE1:third_party\zlib\google\zip.cc:183] Skipped ZIP entry '_locales/pl/messages.json'
[28264:22652:0520/142225.524:VERBOSE1:third_party\zlib\google\zip.cc:183] Skipped ZIP entry '_locales/cy/messages.json'
[20908:24796:0520/142225.524:VERBOSE1:third_party\zlib\google\zip.cc:183] Skipped ZIP entry '_locales/pt_BR/'
[28264:22652:0520/142225.524:VERBOSE1:third_party\zlib\google\zip.cc:183] Skipped ZIP entry '_locales/ne/messages.json'
[20908:24796:0520/142225.524:VERBOSE1:third_party\zlib\google\zip.cc:183] Skipped ZIP entry '_locales/pt_BR/messages.json'
[28264:22652:0520/142225.525:VERBOSE1:third_party\zlib\google\zip.cc:183] Skipped ZIP entry '_locales/tr/messages.json'
[20908:24796:0520/142225.525:VERBOSE1:third_party\zlib\google\zip.cc:183] Skipped ZIP entry '_locales/pt_PT/'
[20908:24796:0520/142225.525:VERBOSE1:third_party\zlib\google\zip.cc:183] Skipped ZIP entry '_locales/pt_PT/messages.json'
[28264:22652:0520/142225.525:VERBOSE1:third_party\zlib\google\zip.cc:183] Skipped ZIP entry '_locales/pl/messages.json'
[20908:24796:0520/142225.525:VERBOSE1:third_party\zlib\google\zip.cc:183] Skipped ZIP entry '_locales/ro/'
[28264:22652:0520/142225.525:VERBOSE1:third_party\zlib\google\zip.cc:183] Skipped ZIP entry '_locales/gu/messages.json'
[28264:22652:0520/142225.525:VERBOSE1:third_party\zlib\google\zip.cc:183] Skipped ZIP entry '_locales/sw/messages.json'
[20908:24796:0520/142225.525:VERBOSE1:third_party\zlib\google\zip.cc:183] Skipped ZIP entry '_locales/ro/messages.json'
[28264:22652:0520/142225.525:VERBOSE1:third_party\zlib\google\zip.cc:183] Skipped ZIP entry '_locales/fi/messages.json'
[20908:24796:0520/142225.525:VERBOSE1:third_party\zlib\google\zip.cc:183] Skipped ZIP entry '_locales/ru/'
[28264:22652:0520/142225.527:VERBOSE1:third_party\zlib\google\zip.cc:183] Skipped ZIP entry '_locales/uk/messages.json'
[20908:24796:0520/142225.527:VERBOSE1:third_party\zlib\google\zip.cc:183] Skipped ZIP entry '_locales/ru/messages.json'
[28264:22652:0520/142225.527:VERBOSE1:third_party\zlib\google\zip.cc:183] Skipped ZIP entry '_locales/de/messages.json'
[20908:24796:0520/142225.527:VERBOSE1:third_party\zlib\google\zip.cc:183] Skipped ZIP entry '_locales/sk/'
[28264:22652:0520/142225.527:VERBOSE1:third_party\zlib\google\zip.cc:183] Skipped ZIP entry '_locales/mk/messages.json'
[20908:24796:0520/142225.527:VERBOSE1:third_party\zlib\google\zip.cc:183] Skipped ZIP entry '_locales/sk/messages.json'
[28264:22652:0520/142225.527:VERBOSE1:third_party\zlib\google\zip.cc:183] Skipped ZIP entry '_locales/is/messages.json'
[20908:24796:0520/142225.527:VERBOSE1:third_party\zlib\google\zip.cc:183] Skipped ZIP entry '_locales/sl/'
[28264:22652:0520/142225.527:VERBOSE1:third_party\zlib\google\zip.cc:183] Skipped ZIP entry '_locales/sl/messages.json'
[20908:24796:0520/142225.527:VERBOSE1:third_party\zlib\google\zip.cc:183] Skipped ZIP entry '_locales/sl/messages.json'
[28264:22652:0520/142225.527:VERBOSE1:third_party\zlib\google\zip.cc:183] Skipped ZIP entry '_locales/or/messages.json'
[20908:24796:0520/142225.527:VERBOSE1:third_party\zlib\google\zip.cc:183] Skipped ZIP entry '_locales/sr/'
[28264:22652:0520/142225.527:VERBOSE1:third_party\zlib\google\zip.cc:183] Skipped ZIP entry '_locales/pt_BR/messages.json'
[20908:24796:0520/142225.527:VERBOSE1:third_party\zlib\google\zip.cc:183] Skipped ZIP entry '_locales/sr/messages.json'
[28264:22652:0520/142225.527:VERBOSE1:third_party\zlib\google\zip.cc:183] Skipped ZIP entry '_locales/sv/messages.json'
[20908:24796:0520/142225.527:VERBOSE1:third_party\zlib\google\zip.cc:183] Skipped ZIP entry '_locales/sv/'
[28264:22652:0520/142225.527:VERBOSE1:third_party\zlib\google\zip.cc:183] Skipped ZIP entry '_locales/az/messages.json'
[20908:24796:0520/142225.527:VERBOSE1:third_party\zlib\google\zip.cc:183] Skipped ZIP entry '_locales/sv/messages.json'
[28264:22652:0520/142225.527:VERBOSE1:third_party\zlib\google\zip.cc:183] Skipped ZIP entry 'offscreendocument.html'
[20908:24796:0520/142225.527:VERBOSE1:third_party\zlib\google\zip.cc:183] Skipped ZIP entry '_locales/th/'
[28264:22652:0520/142225.527:VERBOSE1:third_party\zlib\google\zip.cc:183] Skipped ZIP entry 'page_embed_script.js'
[20908:24796:0520/142225.527:VERBOSE1:third_party\zlib\google\zip.cc:183] Skipped ZIP entry '_locales/th/messages.json'
[20908:24796:0520/142225.527:VERBOSE1:third_party\zlib\google\zip.cc:183] Skipped ZIP entry '_locales/tr/'
[20908:24796:0520/142225.527:VERBOSE1:third_party\zlib\google\zip.cc:183] Skipped ZIP entry '_locales/tr/messages.json'
[20908:24796:0520/142225.527:VERBOSE1:third_party\zlib\google\zip.cc:183] Skipped ZIP entry '_locales/uk/'
[20908:24796:0520/142225.527:VERBOSE1:third_party\zlib\google\zip.cc:183] Skipped ZIP entry '_locales/uk/messages.json'
[20908:24796:0520/142225.530:VERBOSE1:third_party\zlib\google\zip.cc:183] Skipped ZIP entry '_locales/vi/'
[20908:24796:0520/142225.530:VERBOSE1:third_party\zlib\google\zip.cc:183] Skipped ZIP entry '_locales/vi/messages.json'
[20908:24796:0520/142225.530:VERBOSE1:third_party\zlib\google\zip.cc:183] Skipped ZIP entry '_locales/zh_CN/'
[20908:24796:0520/142225.530:VERBOSE1:third_party\zlib\google\zip.cc:183] Skipped ZIP entry '_locales/zh_CN/messages.json'
[20908:24796:0520/142225.530:VERBOSE1:third_party\zlib\google\zip.cc:183] Skipped ZIP entry '_locales/zh_TW/'
[20908:24796:0520/142225.530:VERBOSE1:third_party\zlib\google\zip.cc:183] Skipped ZIP entry '_locales/zh_TW/messages.json'
[20908:24796:0520/142225.530:VERBOSE1:third_party\zlib\google\zip.cc:183] Skipped ZIP entry 'craw_background.js'
[20908:24796:0520/142225.530:VERBOSE1:third_party\zlib\google\zip.cc:183] Skipped ZIP entry 'craw_window.js'
[20908:24796:0520/142225.530:VERBOSE1:third_party\zlib\google\zip.cc:183] Skipped ZIP entry 'css/'
[20908:24796:0520/142225.530:VERBOSE1:third_party\zlib\google\zip.cc:183] Skipped ZIP entry 'css/craw_window.css'
[20908:24796:0520/142225.530:VERBOSE1:third_party\zlib\google\zip.cc:183] Skipped ZIP entry 'html/'
[20908:24796:0520/142225.532:VERBOSE1:third_party\zlib\google\zip.cc:183] Skipped ZIP entry 'html/craw_window.html'
[20908:24796:0520/142225.532:VERBOSE1:third_party\zlib\google\zip.cc:183] Skipped ZIP entry 'images/'
[20908:24796:0520/142225.532:VERBOSE1:third_party\zlib\google\zip.cc:183] Skipped ZIP entry 'images/flapper.gif'
[20908:24796:0520/142225.532:VERBOSE1:third_party\zlib\google\zip.cc:183] Skipped ZIP entry 'images/icon_128.png'
[20908:24796:0520/142225.532:VERBOSE1:third_party\zlib\google\zip.cc:183] Skipped ZIP entry 'images/icon_16.png'
[20908:24796:0520/142225.532:VERBOSE1:third_party\zlib\google\zip.cc:183] Skipped ZIP entry 'images/topbar_floating_button.png'
[20908:24796:0520/142225.532:VERBOSE1:third_party\zlib\google\zip.cc:183] Skipped ZIP entry 'images/topbar_floating_button_close.png'
[20908:24796:0520/142225.532:VERBOSE1:third_party\zlib\google\zip.cc:183] Skipped ZIP entry 'images/topbar_floating_button_hover.png'
[20908:24796:0520/142225.532:VERBOSE1:third_party\zlib\google\zip.cc:183] Skipped ZIP entry 'images/topbar_floating_button_maximize.png'
[20908:24796:0520/142225.532:VERBOSE1:third_party\zlib\google\zip.cc:183] Skipped ZIP entry 'images/topbar_floating_button_pressed.png'
[20908:24796:0520/142225.534:VERBOSE1:third_party\zlib\google\zip.cc:183] Skipped ZIP entry '_metadata/'
[20908:24796:0520/142225.534:VERBOSE1:third_party\zlib\google\zip.cc:183] Skipped ZIP entry '_metadata/verified_contents.json'
[15880:7264:0520/142225.555:VERBOSE1:third_party\zlib\google\zip.cc:183] Skipped ZIP entry 'manifest.json'
[10116:19400:0520/142225.631:VERBOSE1:third_party\zlib\google\zip.cc:183] Skipped ZIP entry 'manifest.json'
[19992:26424:0520/142225.661:ERROR:google_apis\gcm\engine\registration_request.cc:291] Registration response error message: DEPRECATED_ENDPOINT
[19992:26424:0520/142225.661:VERBOSE1:google_apis\gcm\engine\registration_request.cc:256] Delaying GCM registration of app: com.google.android.gms, for 24114 milliseconds.
[19992:6316:0520/142225.851:VERBOSE1:net\disk_cache\simple\simple_index_file.cc:609] Simple Cache Index is being restored from disk.
[19992:1092:0520/142225.853:VERBOSE1:components\signin\internal\identity_manager\mutable_profile_oauth2_token_service_delegate.cc:443] MutablePO2TS::RefreshTokenIsAvailable
[19992:1092:0520/142225.856:VERBOSE1:chrome\browser\profiles\profile_manager.cc:1469] RemoveKeepAlive(Default, kExtensionUpdater). keep_alives=[kBrowserWindow (1), kExtensionUpdater (2), kRemoteDebugging (1)]
[19992:9596:0520/142225.858:VERBOSE1:extensions\browser\content_verifier\content_hash.cc:397] content mismatch for _locales/bg/messages.json
[19992:9596:0520/142225.858:VERBOSE1:extensions\browser\content_verifier\content_hash.cc:397] content mismatch for _locales/ca/messages.json
[19992:9596:0520/142225.858:VERBOSE1:extensions\browser\content_verifier\content_hash.cc:397] content mismatch for _locales/cs/messages.json
[19992:9596:0520/142225.858:VERBOSE1:extensions\browser\content_verifier\content_hash.cc:397] content mismatch for _locales/da/messages.json
[19992:9596:0520/142225.858:VERBOSE1:extensions\browser\content_verifier\content_hash.cc:397] content mismatch for _locales/de/messages.json
[19992:9596:0520/142225.858:VERBOSE1:extensions\browser\content_verifier\content_hash.cc:397] content mismatch for _locales/el/messages.json
[19992:9596:0520/142225.858:VERBOSE1:extensions\browser\content_verifier\content_hash.cc:397] content mismatch for _locales/en/messages.json
[19992:9596:0520/142225.858:VERBOSE1:extensions\browser\content_verifier\content_hash.cc:397] content mismatch for _locales/en_GB/messages.json
[19992:9596:0520/142225.858:VERBOSE1:extensions\browser\content_verifier\content_hash.cc:397] content mismatch for _locales/es/messages.json
[19992:9596:0520/142225.858:VERBOSE1:extensions\browser\content_verifier\content_hash.cc:397] content mismatch for _locales/es_419/messages.json
[19992:9596:0520/142225.858:VERBOSE1:extensions\browser\content_verifier\content_hash.cc:397] content mismatch for _locales/et/messages.json
[19992:9596:0520/142225.858:VERBOSE1:extensions\browser\content_verifier\content_hash.cc:397] content mismatch for _locales/fi/messages.json
[19992:9596:0520/142225.858:VERBOSE1:extensions\browser\content_verifier\content_hash.cc:397] content mismatch for _locales/fil/messages.json
[19992:9596:0520/142225.858:VERBOSE1:extensions\browser\content_verifier\content_hash.cc:397] content mismatch for _locales/fr/messages.json
[19992:9596:0520/142225.858:VERBOSE1:extensions\browser\content_verifier\content_hash.cc:397] content mismatch for _locales/hi/messages.json
[19992:9596:0520/142225.858:VERBOSE1:extensions\browser\content_verifier\content_hash.cc:397] content mismatch for _locales/hr/messages.json
[19992:9596:0520/142225.858:VERBOSE1:extensions\browser\content_verifier\content_hash.cc:397] content mismatch for _locales/hu/messages.json
[19992:9596:0520/142225.858:VERBOSE1:extensions\browser\content_verifier\content_hash.cc:397] content mismatch for _locales/id/messages.json
[19992:9596:0520/142225.858:VERBOSE1:extensions\browser\content_verifier\content_hash.cc:397] content mismatch for _locales/it/messages.json
[19992:9596:0520/142225.858:VERBOSE1:extensions\browser\content_verifier\content_hash.cc:397] content mismatch for _locales/ja/messages.json
[19992:9596:0520/142225.858:VERBOSE1:extensions\browser\content_verifier\content_hash.cc:397] content mismatch for _locales/ko/messages.json
[19992:9596:0520/142225.858:VERBOSE1:extensions\browser\content_verifier\content_hash.cc:397] content mismatch for _locales/lt/messages.json
[19992:9596:0520/142225.858:VERBOSE1:extensions\browser\content_verifier\content_hash.cc:397] content mismatch for _locales/lv/messages.json
[19992:9596:0520/142225.858:VERBOSE1:extensions\browser\content_verifier\content_hash.cc:397] content mismatch for _locales/nb/messages.json
[19992:9596:0520/142225.858:VERBOSE1:extensions\browser\content_verifier\content_hash.cc:397] content mismatch for _locales/nl/messages.json
[19992:9596:0520/142225.858:VERBOSE1:extensions\browser\content_verifier\content_hash.cc:397] content mismatch for _locales/pl/messages.json
[19992:9596:0520/142225.858:VERBOSE1:extensions\browser\content_verifier\content_hash.cc:397] content mismatch for _locales/pt_BR/messages.json
[19992:9596:0520/142225.858:VERBOSE1:extensions\browser\content_verifier\content_hash.cc:397] content mismatch for _locales/pt_PT/messages.json
[19992:9596:0520/142225.858:VERBOSE1:extensions\browser\content_verifier\content_hash.cc:397] content mismatch for _locales/ro/messages.json
[19992:9596:0520/142225.858:VERBOSE1:extensions\browser\content_verifier\content_hash.cc:397] content mismatch for _locales/ru/messages.json
[19992:9596:0520/142225.858:VERBOSE1:extensions\browser\content_verifier\content_hash.cc:397] content mismatch for _locales/sk/messages.json
[19992:9596:0520/142225.858:VERBOSE1:extensions\browser\content_verifier\content_hash.cc:397] content mismatch for _locales/sl/messages.json
[19992:9596:0520/142225.858:VERBOSE1:extensions\browser\content_verifier\content_hash.cc:397] content mismatch for _locales/sr/messages.json
[19992:9596:0520/142225.858:VERBOSE1:extensions\browser\content_verifier\content_hash.cc:397] content mismatch for _locales/sv/messages.json
[19992:9596:0520/142225.858:VERBOSE1:extensions\browser\content_verifier\content_hash.cc:397] content mismatch for _locales/th/messages.json
[19992:9596:0520/142225.858:VERBOSE1:extensions\browser\content_verifier\content_hash.cc:397] content mismatch for _locales/tr/messages.json
[19992:9596:0520/142225.858:VERBOSE1:extensions\browser\content_verifier\content_hash.cc:397] content mismatch for _locales/uk/messages.json
[19992:9596:0520/142225.858:VERBOSE1:extensions\browser\content_verifier\content_hash.cc:397] content mismatch for _locales/vi/messages.json
[19992:9596:0520/142225.858:VERBOSE1:extensions\browser\content_verifier\content_hash.cc:397] content mismatch for _locales/zh_CN/messages.json
[19992:9596:0520/142225.858:VERBOSE1:extensions\browser\content_verifier\content_hash.cc:397] content mismatch for _locales/zh_TW/messages.json
[19992:9596:0520/142225.858:VERBOSE1:extensions\browser\content_verifier\content_hash.cc:397] content mismatch for images/icon_128.png
[19992:9596:0520/142225.858:VERBOSE1:extensions\browser\content_verifier\content_hash.cc:397] content mismatch for images/icon_16.png
[19992:9596:0520/142225.858:VERBOSE1:extensions\browser\content_verifier\content_hash.cc:397] content mismatch for manifest.json
[19992:26424:0520/142225.858:VERBOSE1:extensions\browser\content_verifier\content_verifier.cc:944] OnFetchComplete nmmhkkegccagdldgiimedpiccmgmieda success:1
[3924:9356:0520/142225.876:INFO:third_party\webrtc\rtc_base\cpu_info.cc:77] Available number of cores: 12
[10624:4792:0520/142225.886:INFO:third_party\webrtc\rtc_base\cpu_info.cc:77] Available number of cores: 12
[3924:9356:0520/142225.900:VERBOSE1:extensions\renderer\script_context.cc:150] Created context:
  extension id:           nmmhkkegccagdldgiimedpiccmgmieda
  frame:                  0x4834020304e8
  URL:                    
  context_type:           BLESSED_EXTENSION
  effective extension id: nmmhkkegccagdldgiimedpiccmgmieda
  effective context type: BLESSED_EXTENSION
[3924:9356:0520/142225.900:VERBOSE1:extensions\renderer\script_context.cc:150] Created context:
  extension id:           (none)
  frame:                  (nil)
  URL:                    
  context_type:           UNSPECIFIED
  effective extension id: (none)
  effective context type: UNSPECIFIED
[3924:9356:0520/142225.908:VERBOSE1:extensions\renderer\dispatcher.cc:493] Num tracked contexts: 1
[19992:9596:0520/142225.910:VERBOSE1:content\browser\loader\file_url_loader_factory.cc:474] FileURLLoader::Start: file:///D:/Freshworks/projec-1t/makeMyEvent1/makeMyEvent%20-%201/chrome-profile/Default/Extensions/nmmhkkegccagdldgiimedpiccmgmieda/1.0.0.6_1/craw_background.js
[19992:26424:0520/142225.913:VERBOSE1:extensions\browser\content_verifier\content_verifier.cc:944] OnFetchComplete nmmhkkegccagdldgiimedpiccmgmieda success:1
[19992:1092:0520/142226.003:VERBOSE1:extensions\browser\install_signer.cc:349] Sending request: {"hash":"JEVfjffHG7oG7SXz+Yv76+4qGpj6cyjyqYoNl0giLHQ=","ids":["ghbmnnjooekpmoecnnnilnnbdlolhkhi"],"protocol_version":1}
[11272:8088:0520/142226.003:VERBOSE1:net\base\network_delegate.cc:38] NetworkDelegate::NotifyBeforeURLRequest: https://www.googleapis.com/chromewebstore/v1.1/items/verify
[19992:1092:0520/142226.006:VERBOSE1:chrome\browser\profiles\profile_manager.cc:1469] RemoveKeepAlive(Default, kExtensionUpdater). keep_alives=[kBrowserWindow (1), kExtensionUpdater (1), kRemoteDebugging (1)]
[19992:1092:0520/142226.006:VERBOSE1:chrome\browser\profiles\profile_manager.cc:1469] RemoveKeepAlive(Default, kExtensionUpdater). keep_alives=[kBrowserWindow (1), kRemoteDebugging (1)]
[19992:6316:0520/142226.006:VERBOSE1:content\browser\loader\file_url_loader_factory.cc:474] FileURLLoader::Start: file:///D:/Freshworks/projec-1t/makeMyEvent1/makeMyEvent%20-%201/chrome-profile/Default/Extensions/ghbmnnjooekpmoecnnnilnnbdlolhkhi/1.106.1_1/service_worker_bin_prod.js
[19992:9596:0520/142226.015:VERBOSE1:extensions\browser\content_verifier\content_hash.cc:397] content mismatch for 128.png
[19992:9596:0520/142226.015:VERBOSE1:extensions\browser\content_verifier\content_hash.cc:397] content mismatch for _locales/af/messages.json
[19992:9596:0520/142226.015:VERBOSE1:extensions\browser\content_verifier\content_hash.cc:397] content mismatch for _locales/am/messages.json
[19992:9596:0520/142226.015:VERBOSE1:extensions\browser\content_verifier\content_hash.cc:397] content mismatch for _locales/ar/messages.json
[19992:9596:0520/142226.015:VERBOSE1:extensions\browser\content_verifier\content_hash.cc:397] content mismatch for _locales/az/messages.json
[19992:9596:0520/142226.015:VERBOSE1:extensions\browser\content_verifier\content_hash.cc:397] content mismatch for _locales/bg/messages.json
[19992:9596:0520/142226.015:VERBOSE1:extensions\browser\content_verifier\content_hash.cc:397] content mismatch for _locales/bn/messages.json
[19992:9596:0520/142226.015:VERBOSE1:extensions\browser\content_verifier\content_hash.cc:397] content mismatch for _locales/ca/messages.json
[19992:9596:0520/142226.015:VERBOSE1:extensions\browser\content_verifier\content_hash.cc:397] content mismatch for _locales/cs/messages.json
[19992:9596:0520/142226.015:VERBOSE1:extensions\browser\content_verifier\content_hash.cc:397] content mismatch for _locales/da/messages.json
[19992:9596:0520/142226.015:VERBOSE1:extensions\browser\content_verifier\content_hash.cc:397] content mismatch for _locales/de/messages.json
[19992:9596:0520/142226.017:VERBOSE1:extensions\browser\content_verifier\content_hash.cc:397] content mismatch for _locales/el/messages.json
[19992:9596:0520/142226.017:VERBOSE1:extensions\browser\content_verifier\content_hash.cc:397] content mismatch for _locales/en/messages.json
[19992:9596:0520/142226.017:VERBOSE1:extensions\browser\content_verifier\content_hash.cc:397] content mismatch for _locales/en_CA/messages.json
[19992:9596:0520/142226.017:VERBOSE1:extensions\browser\content_verifier\content_hash.cc:397] content mismatch for _locales/en_GB/messages.json
[19992:9596:0520/142226.017:VERBOSE1:extensions\browser\content_verifier\content_hash.cc:397] content mismatch for _locales/en_US/messages.json
[19992:9596:0520/142226.017:VERBOSE1:extensions\browser\content_verifier\content_hash.cc:397] content mismatch for _locales/es/messages.json
[19992:9596:0520/142226.017:VERBOSE1:extensions\browser\content_verifier\content_hash.cc:397] content mismatch for _locales/es_419/messages.json
[19992:9596:0520/142226.017:VERBOSE1:extensions\browser\content_verifier\content_hash.cc:397] content mismatch for _locales/et/messages.json
[19992:9596:0520/142226.017:VERBOSE1:extensions\browser\content_verifier\content_hash.cc:397] content mismatch for _locales/fa/messages.json
[19992:9596:0520/142226.017:VERBOSE1:extensions\browser\content_verifier\content_hash.cc:397] content mismatch for _locales/fi/messages.json
[19992:9596:0520/142226.017:VERBOSE1:extensions\browser\content_verifier\content_hash.cc:397] content mismatch for _locales/fil/messages.json
[19992:9596:0520/142226.017:VERBOSE1:extensions\browser\content_verifier\content_hash.cc:397] content mismatch for _locales/fr/messages.json
[19992:9596:0520/142226.017:VERBOSE1:extensions\browser\content_verifier\content_hash.cc:397] content mismatch for _locales/fr_CA/messages.json
[19992:9596:0520/142226.017:VERBOSE1:extensions\browser\content_verifier\content_hash.cc:397] content mismatch for _locales/gu/messages.json
[19992:9596:0520/142226.017:VERBOSE1:extensions\browser\content_verifier\content_hash.cc:397] content mismatch for _locales/hi/messages.json
[19992:9596:0520/142226.017:VERBOSE1:extensions\browser\content_verifier\content_hash.cc:397] content mismatch for _locales/hr/messages.json
[19992:9596:0520/142226.017:VERBOSE1:extensions\browser\content_verifier\content_hash.cc:397] content mismatch for _locales/hu/messages.json
[19992:9596:0520/142226.017:VERBOSE1:extensions\browser\content_verifier\content_hash.cc:397] content mismatch for _locales/id/messages.json
[19992:9596:0520/142226.017:VERBOSE1:extensions\browser\content_verifier\content_hash.cc:397] content mismatch for _locales/it/messages.json
[19992:9596:0520/142226.017:VERBOSE1:extensions\browser\content_verifier\content_hash.cc:397] content mismatch for _locales/ja/messages.json
[19992:9596:0520/142226.017:VERBOSE1:extensions\browser\content_verifier\content_hash.cc:397] content mismatch for _locales/kk/messages.json
[19992:9596:0520/142226.017:VERBOSE1:extensions\browser\content_verifier\content_hash.cc:397] content mismatch for _locales/kn/messages.json
[19992:9596:0520/142226.017:VERBOSE1:extensions\browser\content_verifier\content_hash.cc:397] content mismatch for _locales/ko/messages.json
[19992:9596:0520/142226.017:VERBOSE1:extensions\browser\content_verifier\content_hash.cc:397] content mismatch for _locales/lt/messages.json
[19992:9596:0520/142226.017:VERBOSE1:extensions\browser\content_verifier\content_hash.cc:397] content mismatch for _locales/lv/messages.json
[19992:9596:0520/142226.017:VERBOSE1:extensions\browser\content_verifier\content_hash.cc:397] content mismatch for _locales/ml/messages.json
[19992:9596:0520/142226.017:VERBOSE1:extensions\browser\content_verifier\content_hash.cc:397] content mismatch for _locales/mr/messages.json
[19992:9596:0520/142226.017:VERBOSE1:extensions\browser\content_verifier\content_hash.cc:397] content mismatch for _locales/ms/messages.json
[19992:9596:0520/142226.017:VERBOSE1:extensions\browser\content_verifier\content_hash.cc:397] content mismatch for _locales/nl/messages.json
[19992:9596:0520/142226.017:VERBOSE1:extensions\browser\content_verifier\content_hash.cc:397] content mismatch for _locales/no/messages.json
[19992:9596:0520/142226.017:VERBOSE1:extensions\browser\content_verifier\content_hash.cc:397] content mismatch for _locales/pl/messages.json
[19992:9596:0520/142226.017:VERBOSE1:extensions\browser\content_verifier\content_hash.cc:397] content mismatch for _locales/pt_BR/messages.json
[19992:9596:0520/142226.017:VERBOSE1:extensions\browser\content_verifier\content_hash.cc:397] content mismatch for _locales/pt_PT/messages.json
[19992:9596:0520/142226.017:VERBOSE1:extensions\browser\content_verifier\content_hash.cc:397] content mismatch for _locales/ro/messages.json
[19992:9596:0520/142226.017:VERBOSE1:extensions\browser\content_verifier\content_hash.cc:397] content mismatch for _locales/ru/messages.json
[19992:9596:0520/142226.017:VERBOSE1:extensions\browser\content_verifier\content_hash.cc:397] content mismatch for _locales/sk/messages.json
[19992:9596:0520/142226.017:VERBOSE1:extensions\browser\content_verifier\content_hash.cc:397] content mismatch for _locales/sl/messages.json
[19992:9596:0520/142226.017:VERBOSE1:extensions\browser\content_verifier\content_hash.cc:397] content mismatch for _locales/sr/messages.json
[19992:9596:0520/142226.017:VERBOSE1:extensions\browser\content_verifier\content_hash.cc:397] content mismatch for _locales/sv/messages.json
[19992:9596:0520/142226.017:VERBOSE1:extensions\browser\content_verifier\content_hash.cc:397] content mismatch for _locales/sw/messages.json
[19992:9596:0520/142226.017:VERBOSE1:extensions\browser\content_verifier\content_hash.cc:397] content mismatch for _locales/ta/messages.json
[19992:9596:0520/142226.017:VERBOSE1:extensions\browser\content_verifier\content_hash.cc:397] content mismatch for _locales/te/messages.json
[19992:9596:0520/142226.017:VERBOSE1:extensions\browser\content_verifier\content_hash.cc:397] content mismatch for _locales/th/messages.json
[19992:9596:0520/142226.017:VERBOSE1:extensions\browser\content_verifier\content_hash.cc:397] content mismatch for _locales/tr/messages.json
[19992:9596:0520/142226.017:VERBOSE1:extensions\browser\content_verifier\content_hash.cc:397] content mismatch for _locales/uk/messages.json
[19992:9596:0520/142226.017:VERBOSE1:extensions\browser\content_verifier\content_hash.cc:397] content mismatch for _locales/ur/messages.json
[19992:9596:0520/142226.017:VERBOSE1:extensions\browser\content_verifier\content_hash.cc:397] content mismatch for _locales/uz/messages.json
[19992:9596:0520/142226.017:VERBOSE1:extensions\browser\content_verifier\content_hash.cc:397] content mismatch for _locales/vi/messages.json
[19992:9596:0520/142226.017:VERBOSE1:extensions\browser\content_verifier\content_hash.cc:397] content mismatch for _locales/zh_CN/messages.json
[19992:9596:0520/142226.017:VERBOSE1:extensions\browser\content_verifier\content_hash.cc:397] content mismatch for _locales/zh_TW/messages.json
[19992:9596:0520/142226.017:VERBOSE1:extensions\browser\content_verifier\content_hash.cc:397] content mismatch for manifest.json
[19992:26424:0520/142226.017:VERBOSE1:extensions\browser\content_verifier\content_verifier.cc:944] OnFetchComplete ghbmnnjooekpmoecnnnilnnbdlolhkhi success:1
[9576:12512:0520/142226.051:INFO:third_party\webrtc\rtc_base\cpu_info.cc:77] Available number of cores: 12
[11272:8088:0520/142226.077:VERBOSE1:net\base\network_delegate.cc:38] NetworkDelegate::NotifyBeforeURLRequest: https://play.google.com/log?format=json&hasfast=true
[11272:8088:0520/142226.077:VERBOSE1:net\third_party\quiche\src\quiche\quic\core\tls_handshaker.cc:109] TlsClient: Continuing handshake
[11272:8088:0520/142226.077:VERBOSE1:net\third_party\quiche\src\quiche\quic\core\tls_handshaker.cc:109] TlsClient: Continuing handshake
[11272:8088:0520/142226.077:VERBOSE1:net\third_party\quiche\src\quiche\quic\core\tls_handshaker.cc:130] TlsClient: SSL_do_handshake returned when entering early data. After retry, rv=-1, SSL_in_early_data=1
[9576:20788:0520/142226.093:VERBOSE1:extensions\renderer\script_context.cc:150] Created context:
  extension id:           ghbmnnjooekpmoecnnnilnnbdlolhkhi
  frame:                  (nil)
  URL:                    
  context_type:           BLESSED_EXTENSION
  effective extension id: ghbmnnjooekpmoecnnnilnnbdlolhkhi
  effective context type: BLESSED_EXTENSION
[9576:20788:0520/142226.093:VERBOSE1:extensions\renderer\script_context.cc:150] Created context:
  extension id:           (none)
  frame:                  (nil)
  URL:                    
  context_type:           UNSPECIFIED
  effective extension id: (none)
  effective context type: UNSPECIFIED
[11272:8088:0520/142226.139:VERBOSE1:net\third_party\quiche\src\quiche\quic\core\tls_handshaker.cc:109] TlsClient: Continuing handshake
[11272:8088:0520/142226.139:VERBOSE1:net\third_party\quiche\src\quiche\quic\core\tls_handshaker.cc:109] TlsClient: Continuing handshake
[11272:8088:0520/142226.277:VERBOSE1:services\network\url_loader.cc:1338] Will sniff content for mime type: https://play.google.com/log?format=json&hasfast=true
[19992:1092:0520/142226.481:VERBOSE1:extensions\browser\install_signer.cc:370] Got response: {
  "protocol_version": 1,
  "signature": "DDGDQCh5U8gRcoEfgV7LwZgf8Hoq8Qft3yuMqOo0qMtKcgXKUzSMB58Dfy4fbjo28dJwgiWGgSbdAod9pg/EvASDiGy6pW6iPW3qtsbhm5Yn6BNrMXdfHdQ2rq6NeoZGVzH6oH8djpn/dnSa+GxQVBk5mlihKtmmK+CRvh8cnTq4hZJjRIuxS7J8u9NoScSy8acs8JWKFpessXCEQRXejisTAror60IwQ487Qc0Ntv8J0xRmoiGDvwAcwCDgCDjFdGvu7L7fwJNHAKWPDbIYjZsrAm8zAX07K9ReQ/sNFL8yG4MdylfOP/mbFneKRbXjzrZCbBolOJRwXHuY5yegpg==",
  "expiry": "2026-08-12",
  "pubkey_sha1_hash": "a2159534e3753e716819beb8aae14b326927505a"
}

[1660:4976:0520/142228.155:VERBOSE1:extensions\renderer\script_context.cc:163] Destroyed context for extension
  extension id: fignfifoniblkonapihmkfakmlgkbkcf
  effective extension id: fignfifoniblkonapihmkfakmlgkbkcf
[1660:4976:0520/142228.155:VERBOSE1:extensions\renderer\script_context.cc:163] Destroyed context for extension
  extension id: 
  effective extension id: 
